"","predictor","response"
"1",341.536672506481,34.3212639160642
"2",448.455595225096,-3.34749820547873
"3",103.369841631502,1900.88685144318
"4",363.450716715306,30.6212519629971
"5",260.706451255828,154.929376901772
"6",476.540436781943,17.0206492524154
"7",378.710025269538,26.1069857303683
"8",290.921262465417,106.093616454784
"9",290.238979831338,86.350515060692
"10",220.895693451166,303.212012812767
"11",350.056868605316,46.3135058582748
"12",281.503371335566,110.898766300786
"13",212.387924920768,336.639324144727
"14",311.958573572338,76.1383156180738
"15",329.883372224867,44.7513798522175
"16",479.890980385244,4.43970293150681
"17",325.33343443647,60.0819026032918
"18",248.718618601561,175.980100624831
"19",396.071607526392,18.9902662498696
"20",307.36135058105,85.1948295124805
"21",146.891473419964,951.05602429599
"22",191.031041741371,456.074176768422
"23",211.399142816663,332.674765954604
"24",233.316052239388,243.545258271239
"25",355.783458426595,34.3947425665496
"26",234.628035780042,229.878146478476
"27",436.286301072687,15.018483633945
"28",470.540145598352,17.7928859813232
"29",368.904454261065,25.3033708865615
"30",173.028654977679,632.29813624184
"31",316.005250718445,78.2650711785357
"32",290.708722081035,107.813958253415
"33",408.092826325446,0.066554069624928
"34",426.379819773138,7.35327704861335
"35",252.030222397298,175.921499698464
"36",146.161946281791,959.391484047886
"37",282.410763390362,97.9075728523294
"38",261.104581691325,149.002870134999
"39",211.561621259898,321.581634912776
"40",453.390633594245,-7.4967726921712
"41",308.091621473432,68.2789285591167
"42",462.998698186129,5.84065446075833
"43",258.239452634007,172.546077050133
"44",336.051540356129,50.1594017179108
"45",256.427893601358,144.320967170733
"46",394.58526475355,26.3427341426911
"47",414.32226318866,17.6356575562222
"48",156.272066757083,816.204046882065
"49",134.484490659088,1160.5144709668
"50",432.539401669055,10.5686613256386
"51",399.768071994185,25.1608264200642
"52",110.819418169558,1687.94765782791
"53",132.69650042057,1198.67169544397
"54",423.851915542036,35.1825023832827
"55",166.651368141174,681.347174733397
"56",332.389972172678,45.9469464794891
"57",491.260618343949,-1.48851455199109
"58",396.787643246353,15.6399068095278
"59",171.506876032799,662.090840492833
"60",255.280467960984,176.278408250776
"61",193.57635891065,455.655475644907
"62",483.189162611961,-0.321576675919304
"63",226.686080824584,262.677660429055
"64",274.322242662311,123.288426279886
"65",312.810437195003,74.6693826275435
"66",132.87157472223,1199.52619592261
"67",100.716061703861,1979.56224293323
"68",418.975791800767,15.8881893480538
"69",181.715401727706,543.46082309146
"70",109.276891965419,1746.37392679044
"71",152.140614856035,882.028320470491
"72",209.457254968584,340.084698902899
"73",196.95956800133,438.41262442318
"74",173.427559155971,628.541735470148
"75",488.790898304433,-1.08417985705533
"76",415.715721435845,18.3419727382701
"77",331.339380703866,57.8462070555185
"78",144.874292612076,964.480955894279
"79",294.927958957851,104.715965427393
"80",357.126649934798,36.0150375809442
"81",481.188076362014,-7.01786850582741
"82",362.06491459161,42.0954912381849
"83",494.354774523526,4.05236594977918
"84",441.833455581218,-3.0852949436105
"85",355.368807911873,41.2007476447636
"86",102.439251542091,1938.2940379967
"87",377.420642413199,49.3613433287568
"88",113.149422872812,1627.34637188295
"89",438.656998518854,6.35370200961488
"90",475.770192686468,9.26814008422516
"91",188.364352378994,475.270741291759
"92",277.321363613009,130.265461340691
"93",126.141166035086,1327.21860225285
"94",291.628125309944,99.5860271168216
"95",200.523820705712,400.675785051101
"96",166.499496437609,693.177527928604
"97",238.880446739495,216.875207363089
"98",392.635032720864,15.9239886919694
"99",464.682193752378,7.17752276086474
"100",258.012856263667,175.350118855301
"101",333.855756279081,34.5800804066172
"102",308.273437898606,81.7391448055972
"103",211.351217050105,327.796284382797
"104",188.910318352282,482.301420646223
"105",377.09141112864,36.7215945202595
"106",154.332425072789,838.798455211818
"107",131.750418711454,1199.68517003166
"108",325.491737294942,61.4812259654416
"109",381.785845104605,11.5718632188438
"110",338.37609719485,33.7799637129821
"111",278.234387747943,107.87012378468
"112",372.790941782296,56.6242175610343
"113",466.34234925732,-3.45826088207281
"114",339.604427106678,55.0570141158446
"115",376.348232384771,38.9586998727769
"116",394.949646852911,16.6057519275179
"117",371.826638001949,21.022171579152
"118",374.548782594502,33.5519419095492
"119",390.249227639288,28.5388436178229
"120",476.677083969116,6.52554642004388
"121",490.605937410146,-0.818774508832502
"122",178.234094195068,567.063067149298
"123",326.350712310523,38.797038805441
"124",300.32572131604,81.7048485045419
"125",172.506902273744,611.521570269386
"126",271.764121484011,130.960877287789
"127",214.390941336751,344.454894380597
"128",404.616208095104,8.84561215275463
"129",174.652610532939,602.965324070533
"130",273.660284373909,129.984331089566
"131",431.820753309876,0.436089343691981
"132",132.483641803265,1219.94179395539
"133",397.434433177114,28.1035313606916
"134",239.977864362299,205.541921694092
"135",266.684117633849,145.812229049635
"136",492.892860341817,-4.28513922523302
"137",248.077023029327,178.040415579773
"138",104.31317333132,1883.31992436014
"139",378.399522136897,24.7220315101908
"140",329.590044356883,56.8222053269337
"141",164.848803170025,709.190556487628
"142",449.279524106532,9.21838540171329
"143",377.547859866172,30.0496492099946
"144",382.067255955189,21.4370135333424
"145",249.004845041782,206.804047684748
"146",446.959019266069,12.7523044761934
"147",108.69969073683,1759.07391405525
"148",182.731287926435,543.239764092353
"149",300.779339857399,79.1921431990981
"150",313.194735627621,72.3854692890109
"151",287.442025262862,110.18280609482
"152",163.346352055669,725.581460720532
"153",239.485472813249,221.384640153753
"154",221.174468751997,300.409748462849
"155",386.667726561427,27.7163731609243
"156",374.033103883266,21.3622052275665
"157",125.743894185871,1346.91932467885
"158",145.05386389792,993.413721625207
"159",482.233678456396,11.4868305864398
"160",357.040272746235,27.4049266090376
"161",119.395779725164,1469.74813286124
"162",458.274496998638,8.20988219123604
"163",489.008376467973,-14.9022010934777
"164",479.798014648259,1.18090737023141
"165",358.558713831007,24.7310676445536
"166",464.276917930692,-1.18456189165055
"167",353.150478936732,39.7341091091546
"168",212.237373925745,330.403900002328
"169",433.622943609953,21.2886844227625
"170",307.31298206374,58.0978389735213
"171",199.223663657904,396.700221407366
"172",379.107270389795,45.032855462318
"173",122.669212240726,1400.67545154495
"174",399.032967258245,14.699927479521
"175",318.802653159946,67.3973405854153
"176",479.344745352864,8.11032914133798
"177",112.385948468,1650.34090244235
"178",205.918962694705,370.847650409915
"179",346.082239225507,33.2877240961572
"180",174.197684042156,618.305294722923
"181",141.590873897076,1045.3985778047
"182",265.778434090316,135.986453489903
"183",130.961866397411,1224.97740149039
"184",166.006498783827,707.946858080772
"185",249.502740055323,191.529155632416
"186",180.233160406351,563.312840680046
"187",299.805641826242,68.4595735101519
"188",113.262112624943,1623.99856857828
"189",309.513473510742,46.8997990995547
"190",428.225884679705,0.762216391917264
"191",194.041270297021,451.074769125627
"192",372.936369478703,20.7463362427003
"193",110.197053942829,1720.03056214747
"194",293.059938773513,92.9969416915734
"195",364.343945775181,38.6109220006099
"196",310.690172109753,56.7553624154661
"197",308.999485429376,69.4774820996141
"198",128.681093174964,1277.24557684527
"199",283.333809953183,103.604337472047
"200",293.378042988479,77.4318831010041
"201",290.749327931553,110.534391127267
"202",386.641338933259,17.3717232991708
"203",229.904235992581,247.631864437096
"204",468.255359679461,10.2783497274847
"205",288.039337377995,105.656982755709
"206",203.15772080794,396.439633579766
"207",103.331246227026,1896.0335317082
"208",171.848369855434,642.817661798235
"209",417.304187268019,6.67349578328682
"210",168.437616992742,682.117196451964
"211",448.207160457969,19.5726039149537
"212",219.845881033689,289.538864996898
"213",171.574552450329,657.428046075232
"214",470.507562253624,-8.87141859964397
"215",152.106775622815,878.869103696764
"216",167.720572464168,689.82269198485
"217",326.996387634426,43.7690474418743
"218",335.398679878563,39.9461230328375
"219",130.270565208048,1233.55650417005
"220",196.456221491098,426.844385793076
"221",126.54391285032,1317.48697939539
"222",482.858020253479,-6.15767523429211
"223",225.243285018951,274.960484503916
"224",253.676266502589,176.868891869554
"225",133.494025003165,1177.41768555365
"226",250.854719989002,188.608026468167
"227",466.346920095384,11.9172135156662
"228",191.237544454634,486.213751940112
"229",215.123352222145,317.82731284652
"230",422.478904295713,-16.6044597982094
"231",262.153645511717,153.375911950267
"232",347.75472972542,70.3344853936508
"233",198.231863044202,403.26962799495
"234",372.072603739798,23.0393277572457
"235",430.862718354911,11.0381705463561
"236",247.365881782025,195.264137179633
"237",311.345420777798,73.6751077941184
"238",130.211830511689,1238.89956559962
"239",498.395690042526,5.68754906498488
"240",424.326924048364,14.8949082786602
"241",160.843067150563,760.357189337793
"242",344.94112720713,41.9978719109437
"243",385.933418292552,30.777865831297
"244",203.133863396943,394.440072656703
"245",172.29834869504,630.539203044061
"246",424.412399623543,30.0418514828597
"247",271.15437714383,140.99129532643
"248",404.300907906145,13.219435427376
"249",435.933918971568,26.5609082293802
"250",446.7893213965,17.7429241061643
"251",411.710144672543,3.16497954118982
"252",350.457150302827,32.3993407846992
"253",235.158414300531,240.108063364468
"254",383.48532281816,23.2763859914259
"255",125.122688058764,1349.68138942976
"256",360.826872102916,39.568352347793
"257",465.641799662262,16.077713293775
"258",134.296434372663,1167.9313194507
"259",435.189972445369,15.6420362628843
"260",185.797011293471,513.78814729622
"261",176.372315734625,594.088961893022
"262",488.724987115711,1.17656105213014
"263",242.534070461988,190.638071075019
"264",180.816573277116,544.618147547516
"265",133.552068192512,1173.10436687303
"266",426.886977721006,0.613591627352259
"267",382.378896977752,38.203476531414
"268",311.836778651923,68.4350682151444
"269",191.598358284682,447.500550253913
"270",478.554174583405,-9.51025132019286
"271",171.197392418981,638.37473975784
"272",491.659317910671,9.1512070486069
"273",321.14025298506,69.6785861171369
"274",358.520869351923,32.0001424736417
"275",453.04970163852,15.1187680867807
"276",491.174594778568,8.49953466455949
"277",464.904175978154,1.954323443293
"278",315.309947822243,64.0234480879552
"279",365.590715780854,17.6143216701638
"280",396.05246912688,16.3477098388497
"281",352.084519248456,41.4867340909522
"282",372.030265815556,42.0080216587014
"283",150.571875739843,889.734517541864
"284",290.351944230497,96.7897155657613
"285",434.336572047323,14.7821802026664
"286",344.295160658658,58.9740507912742
"287",469.643187802285,11.1843952201636
"288",162.031520530581,744.452352831218
"289",458.884370047599,-1.10840252945788
"290",206.927160359919,371.625537750212
"291",210.631504375488,352.785733423395
"292",431.121679022908,16.621519577769
"293",193.861124105752,451.76259111398
"294",388.143949769437,21.8989103391867
"295",216.002351976931,309.554379634129
"296",226.654567942023,265.493198211177
"297",425.568932574242,6.1858795583329
"298",419.883097056299,6.74145835628564
"299",195.391717739403,435.485929543882
"300",391.279417276382,20.7769443763411
"301",100.584272202104,1992.312652414
"302",444.296685606241,4.96024029664315
"303",418.911112751812,5.23205623921439
"304",169.549353327602,667.409730087059
"305",449.893345497549,-1.53293809875803
"306",378.226401749998,15.468634750092
"307",229.94103487581,255.727510073185
"308",491.82797158137,-12.572497636019
"309",366.877501923591,20.092206048096
"310",214.807791355997,307.579580704082
"311",329.275791347027,29.8664719323654
"312",411.60765811801,29.0492293520163
"313",286.748755443841,116.246603441908
"314",145.10036399588,968.868593771684
"315",299.268389865756,91.4931766015685
"316",136.154867149889,1132.18265222632
"317",116.910131741315,1522.6826395562
"318",165.313750039786,697.370248462301
"319",144.358683936298,1005.36806263742
"320",403.675344120711,13.0744416295399
"321",392.596890870482,17.158829234475
"322",318.322152085602,58.1604104079121
"323",458.938608225435,9.63650617923343
"324",245.679749269038,177.319498535583
"325",116.507188696414,1549.19625702062
"326",141.986206825823,1042.59748691304
"327",275.207190681249,130.975023417035
"328",444.803455844522,3.80775561362211
"329",117.016350291669,1532.05248489279
"330",494.457149785012,24.8260548735174
"331",474.730921722949,21.7251472189392
"332",189.907664526254,484.795618814944
"333",341.123212594539,47.605167854355
"334",261.283809226006,161.088294802595
"335",242.989375349134,205.588481823453
"336",395.635030884296,11.5103651200012
"337",419.356085546315,16.7167373327406
"338",106.56535634771,1810.9444984631
"339",256.117736082524,155.157313225061
"340",409.518442861736,7.49557959239729
"341",200.468785408884,376.699906096676
"342",192.592305876315,461.974338907444
"343",285.372269805521,109.000612894875
"344",221.094659157097,296.745107304007
"345",174.490538053215,607.150974957376
"346",484.839102812111,25.8821050872768
"347",432.557681947947,-6.17451447017858
"348",241.267218627036,212.343783630186
"349",166.733995825052,688.383085575674
"350",139.779265131801,1071.66460266776
"351",227.526096720248,245.381576534018
"352",484.120945911855,-6.35130789118356
"353",467.6164239645,-8.91552338234893
"354",271.08662109822,139.871355247433
"355",290.368137694895,84.0747130542661
"356",182.027749344707,556.456176525665
"357",451.681551989168,12.4138406395512
"358",439.129028655589,-2.8889756950397
"359",413.583236653358,18.4779222831495
"360",235.543976351619,223.225619993385
"361",388.791483268142,29.1237416760819
"362",366.010730527341,29.1743500960112
"363",101.566102914512,1970.92563725325
"364",479.185919184238,14.8109040860361
"365",140.245504118502,1065.0032128526
"366",276.131105236709,123.882856255411
"367",384.095388837159,36.2734177760171
"368",299.995762389153,76.4500646163345
"369",439.184606447816,-0.565913871291915
"370",193.726146873087,452.594412370509
"371",157.861893251538,783.568972678529
"372",333.976401761174,59.0040326336431
"373",379.242596589029,18.3270705826589
"374",193.833861406893,453.466955992082
"375",458.549286425114,7.59346778684893
"376",230.044046323746,252.889767379068
"377",183.808137755841,534.398391392504
"378",335.608704946935,58.0003226419986
"379",255.518294963986,174.086655579859
"380",422.322672605515,12.0161860710836
"381",176.060135476291,598.459059436277
"382",148.52456310764,910.35557516348
"383",328.355240263045,57.3101082970565
"384",284.861278813332,101.985988410948
"385",298.106686864048,84.8676215026038
"386",262.869571708143,171.755237979442
"387",257.995534036309,156.972831490175
"388",118.959047086537,1498.54806184625
"389",433.246331289411,11.4560636326075
"390",221.821060217917,283.745655077874
"391",192.144532129169,493.071113283245
"392",170.128954201937,657.811707777504
"393",153.430763632059,868.992028413749
"394",495.935314055532,5.09010398704031
"395",430.782295763493,16.2057227241323
"396",319.684506114572,66.7544072560165
"397",308.333067316562,83.67053490362
"398",447.98998683691,18.0073804453877
"399",371.646830253303,29.4146926866279
"400",268.868813943118,127.501255403588
"401",492.693657148629,15.0723026277664
"402",145.991383958608,952.733052351623
"403",192.322939448059,456.221760526495
"404",436.396219115704,5.85625266047185
"405",261.800637375563,157.667922924193
"406",302.787163946778,92.8380496278062
"407",411.146724224091,22.146061948546
"408",193.193346634507,464.563758422003
"409",176.478538755327,591.793462687457
"410",176.94317959249,588.568301706238
"411",419.499544240534,4.15615817153728
"412",393.063383828849,33.9880510816966
"413",331.490296963602,52.6724219042409
"414",431.064760964364,9.57420434273083
"415",469.987343810499,2.18612817877739
"416",433.430979866534,17.1443789361429
"417",238.483866304159,212.903924822943
"418",240.685351099819,197.127509878878
"419",350.895456131548,28.6242228109151
"420",324.915576446801,47.8373237252497
"421",131.579809077084,1218.49466783813
"422",132.633185293525,1185.02668220344
"423",495.29510224238,-0.606326364916743
"424",378.715896327049,23.5388085724146
"425",117.317986022681,1543.48334020415
"426",332.142378203571,49.278462582625
"427",252.370583638549,192.2670292308
"428",131.176826916635,1213.56522286818
"429",202.5086004287,383.9482209344
"430",306.190653145313,85.9463643642994
"431",218.865353800356,319.097867080196
"432",443.881900422275,-5.39602509762493
"433",374.522354174405,30.1906339865136
"434",132.070952188224,1213.64614749887
"435",107.128858286887,1810.71973600107
"436",339.866613596678,36.2540625025373
"437",297.907428629696,88.5334656999173
"438",358.040964324027,26.4307881427129
"439",352.165856584907,45.6105335373053
"440",411.160865798593,-2.61134092254658
"441",467.717251460999,14.4228235983613
"442",257.263775728643,175.074014821923
"443",140.531325805932,1055.08613881972
"444",474.749957304448,18.2541368400785
"445",357.060049567372,37.428583731104
"446",146.358710248023,966.52313597645
"447",193.750652857125,445.895161825707
"448",425.630799680948,-0.102167571992618
"449",102.35292268917,1946.18606764693
"450",432.037967443466,34.8650123048178
"451",338.243092317134,31.9783222937926
"452",424.893518630415,9.43691407268871
"453",111.646352987736,1685.90061322706
"454",468.561163824052,-13.2800298947665
"455",159.316310472786,771.259224641725
"456",324.863526690751,54.1717193155955
"457",273.687227535993,149.355246464861
"458",494.542896933854,-5.08892679490519
"459",391.870238725096,21.7215264244699
"460",310.229313839227,80.7257194322747
"461",105.094354040921,1855.85276575374
"462",429.706294462085,21.4699965923724
"463",387.530341092497,17.521121542362
"464",466.623562946916,12.2186155854087
"465",199.927919078618,416.536554559211
"466",463.913025800139,-2.78073749904321
"467",202.203881181777,390.106071309385
"468",253.330585919321,181.578199428656
"469",424.607434682548,7.60965719743028
"470",211.841166485101,326.712582552857
"471",413.112891931087,31.0924963998842
"472",454.378575179726,7.98708133334677
"473",287.333961948752,89.2203097884028
"474",478.194745630026,8.4861541536992
"475",135.318159218878,1130.23683808113
"476",439.361470006406,18.4508867035401
"477",475.654424540699,-5.53154789884269
"478",470.696956478059,8.71929993029573
"479",168.275247979909,674.016530180208
"480",447.536103986204,16.5808701991717
"481",241.013944335282,202.816001588684
"482",310.994815360755,73.6836428120055
"483",430.420492775738,14.9743944302457
"484",346.460106875747,46.5058684812912
"485",208.620933163911,350.504889431397
"486",125.470464862883,1346.62480448522
"487",436.176512110978,-2.26657569360058
"488",139.07355312258,1083.80162655206
"489",213.280846644193,348.700770108436
"490",256.568192504346,177.694751367284
"491",431.100712064654,2.36205823590042
"492",495.038054510951,8.8733146573911
"493",376.97381908074,21.5692610995775
"494",378.82069889456,20.2362784466484
"495",379.585337080061,22.7792757844313
"496",363.607117068022,22.9166915312406
"497",427.539779152721,22.313294018514
"498",295.063976291567,77.3435251967681
"499",323.46252091229,60.4007621024768
"500",442.572836577892,13.8166606397128
"501",310.767860338092,79.6882300559384
"502",478.536751121283,8.43555424235219
"503",292.922588437796,78.891919683928
"504",444.28728306666,0.365864434691533
"505",145.97839564085,973.111427563246
"506",301.499817054719,81.7154524923801
"507",213.826044648886,320.555829725868
"508",193.427422363311,455.045150631757
"509",418.201131094247,2.84482438262344
"510",365.733811445534,37.2265711568236
"511",201.534348540008,385.460352378155
"512",174.900980014354,596.523798492411
"513",482.958404999226,18.4146314267228
"514",117.722838092595,1520.33827430901
"515",273.273534700274,139.157848655511
"516",120.545706804842,1469.67836652542
"517",417.185424920171,14.7865781776835
"518",406.696816254407,17.1430861548248
"519",492.227058019489,2.58603090260502
"520",307.488347683102,81.379498580099
"521",491.470504552126,8.85395055016167
"522",352.615884784609,35.6942749468701
"523",136.5044856444,1139.81065913945
"524",266.461770795286,133.282594204373
"525",205.901819001883,374.933672900098
"526",421.416196972132,23.1976615796434
"527",334.848314803094,47.7313944818502
"528",435.016955435276,6.85900447626908
"529",427.443735022098,10.6929246747875
"530",359.823682531714,4.49356168100179
"531",132.063015177846,1202.53364307024
"532",144.002033118159,994.435943618205
"533",104.806824121624,1855.34633319048
"534",234.443104825914,247.772920256871
"535",461.644264683127,-0.300399505333555
"536",248.35038324818,189.292062017041
"537",384.863633010536,37.1180193823466
"538",479.764666687697,27.4376517232133
"539",303.164000250399,61.7502133348859
"540",299.218269623816,62.3761052052799
"541",376.051657088101,24.0713952939402
"542",462.878916040063,-9.6869178412486
"543",126.038543507457,1326.75858585438
"544",421.566411200911,25.1289882357791
"545",459.443921223283,2.00606583068392
"546",350.801476463675,28.2631122280887
"547",116.935899294913,1529.87921206572
"548",414.390322752297,8.64746264710795
"549",134.248113911599,1168.21649966753
"550",305.708973389119,69.4348396109338
"551",105.035770498216,1872.06503884921
"552",248.379676230252,190.485379097063
"553",495.601918455213,-5.68510199682232
"554",188.450257573277,480.896130917803
"555",477.381527423859,2.75937205220773
"556",255.312058608979,168.959745939976
"557",241.043610312045,212.202013932308
"558",294.904872961342,84.0145324567898
"559",357.113515399396,5.01719835858334
"560",382.542742788792,18.9065757510564
"561",137.569235544652,1095.15041219797
"562",497.874888498336,15.4715283861283
"563",436.643678043038,2.84688534379269
"564",357.412431109697,15.2826031375716
"565",298.455177620053,82.0051414165367
"566",375.034011341631,25.9580871900511
"567",177.423030138016,596.275608460256
"568",384.819885529578,26.1575925022668
"569",361.069766897708,29.1369425637579
"570",479.682451672852,-0.753984160344495
"571",196.27177733928,425.175895632155
"572",255.875601340085,163.474304807443
"573",331.601543165743,42.3138494492295
"574",407.524148467928,21.6652674318465
"575",334.111172053963,53.1653284249482
"576",370.993439853191,25.7704082481005
"577",322.350180242211,56.0581969005699
"578",289.224906452,78.8470715021554
"579",222.658711858094,294.885685671433
"580",172.507567983121,630.585611344838
"581",416.726783663034,-2.21766163841285
"582",371.450759004802,36.6151063794958
"583",144.865730311722,988.741160106644
"584",142.605963442475,1030.64358185182
"585",458.065751567483,5.94046957343749
"586",117.59308706969,1518.56365762408
"587",392.512062285095,5.57629552592044
"588",245.304147992283,196.067618869366
"589",108.184817712754,1751.21554948712
"590",387.638552952558,24.0619822975307
"591",111.953989323229,1654.34404700012
"592",433.632326778024,15.811515463835
"593",111.765804234892,1670.43175443632
"594",460.155203100294,1.51458036197525
"595",442.962101567537,5.49255683114551
"596",225.505350250751,277.306520171733
"597",457.619447819889,-8.03829882228039
"598",499.384126998484,16.5482948009534
"599",336.591635271907,43.8978945020615
"600",104.651481565088,1873.04802295692
"601",218.810947146267,296.097073878886
"602",236.845791712403,212.154460624597
"603",467.329105548561,7.86094771029471
"604",395.699898339808,18.2839637434258
"605",466.563068889081,-10.8522051170392
"606",359.046634752303,19.1886786169164
"607",268.319160863757,130.094618596402
"608",215.906598605216,320.380661822915
"609",300.495395064354,100.50310932895
"610",118.881787825376,1505.14743267675
"611",306.699123326689,72.1095060208365
"612",281.2590200454,108.626812981755
"613",347.19450417906,34.0358626865983
"614",429.847341962159,11.8486719448651
"615",386.239820159972,16.4709922388601
"616",125.877884123474,1328.95624758532
"617",195.64979635179,437.976478983717
"618",313.737725839019,56.9068046036034
"619",272.288395557553,124.783048543674
"620",374.521265923977,37.5324154302187
"621",445.324398204684,3.82791368507381
"622",387.703500501812,11.7994006049328
"623",315.283704549074,65.3284982595753
"624",415.971959754825,16.5913577145574
"625",307.053181622177,70.5564505742835
"626",369.4953748025,33.5773347471503
"627",355.262383352965,38.7378538249902
"628",204.478960018605,382.210798960214
"629",279.895209148526,97.7650923476139
"630",278.651564009488,116.302075292979
"631",208.7691122666,345.994098823804
"632",284.877497516572,116.295670009534
"633",104.101679101586,1897.73327164409
"634",333.877371624112,53.9033341620178
"635",293.83430397138,102.134706517997
"636",434.50276106596,17.9479077099851
"637",322.159704100341,66.5603023536713
"638",301.620421372354,54.1857144997358
"639",273.191870283335,142.738796869611
"640",282.211047504097,118.060088303578
"641",344.780469685793,44.2088665087243
"642",110.933929495513,1688.2891092901
"643",165.927602443844,702.277288418704
"644",483.228280395269,-1.5413166650367
"645",128.99612095207,1271.96460436166
"646",417.639009188861,9.87725257136633
"647",379.748114291579,23.9791763471815
"648",362.913362961262,27.4351639220775
"649",179.316007439047,564.338855972796
"650",470.204907655716,21.3895726916704
"651",222.149081528187,280.32298825079
"652",172.268927935511,640.552571580809
"653",124.40603338182,1373.57176392743
"654",216.519781202078,328.313877208276
"655",498.867631424218,15.9753453775179
"656",173.893978726119,639.876845649942
"657",113.220579084009,1639.60177553312
"658",456.59937793389,28.016796644987
"659",103.959053661674,1892.15340749847
"660",405.149269569665,12.1389030055564
"661",285.267344862223,122.661365941834
"662",331.977466028184,41.4248013880124
"663",361.766970902681,46.2336814647374
"664",477.00777547434,22.2431556035142
"665",339.469810854644,51.4837363478616
"666",198.961762338877,427.553837099464
"667",474.982437491417,-0.433179126570604
"668",248.841859959066,184.837444492597
"669",378.041805978864,41.7026748289607
"670",473.927721381187,18.4968697121268
"671",326.270526368171,61.0512753495481
"672",323.144991043955,62.4354580021561
"673",184.856740385294,536.502241623755
"674",193.021599575877,445.358191512618
"675",172.67447412014,629.061305326462
"676",276.035451516509,112.378618584675
"677",275.787246599793,114.95979766577
"678",323.059612419456,75.6569047479171
"679",494.751456938684,-6.67272193387471
"680",300.044858455658,71.7066673671948
"681",376.965183950961,48.069036805134
"682",402.028289064765,28.3889010304091
"683",248.150294832885,191.953989507919
"684",454.932631738484,16.5810149368404
"685",255.349044315517,155.918884229033
"686",311.905265878886,69.3340539282521
"687",184.217798989266,533.516334224658
"688",122.814847994596,1409.4441057869
"689",204.081855062395,366.0899760542
"690",299.791718926281,92.7851858683929
"691",214.24161978066,310.240987826978
"692",116.462965030223,1564.04041832929
"693",263.911655731499,138.603845118272
"694",311.766119394451,55.1931636486265
"695",333.665151055902,49.6948241929649
"696",426.033100392669,15.6665363273731
"697",307.905411161482,74.4597293210061
"698",327.156621776521,56.2103568350509
"699",434.030290879309,-2.91755801745135
"700",100.60309311375,1999.44516028622
"701",148.572305589914,927.208890464255
"702",239.210267458111,208.756632873419
"703",196.971477475017,429.802112488019
"704",313.634630478919,72.1840122136427
"705",257.749303616583,154.03143597349
"706",330.561684537679,35.9404746471723
"707",232.168537285179,260.709014130854
"708",200.429716799408,408.4256791392
"709",475.091459881514,-3.63717677001557
"710",432.994982413948,15.5334243728506
"711",485.766176693141,0.126137660872189
"712",157.346891891211,814.91639670446
"713",388.630320504308,7.76680610084086
"714",107.290174625814,1788.0358100366
"715",480.312732141465,4.27053511629678
"716",154.686584882438,820.051049171843
"717",145.886937528849,981.566105086444
"718",443.796927016228,16.7456252470083
"719",385.504953097552,13.8619485976414
"720",109.352668654174,1730.36392843278
"721",460.567392222583,10.4355608080834
"722",236.871758941561,211.287823985174
"723",465.099023934454,3.4518019253687
"724",315.394623484462,68.7272940128777
"725",163.761600013822,715.150525486364
"726",391.536538954824,2.41808197033639
"727",217.219166271389,301.886606180667
"728",406.221674662083,14.6957347384843
"729",436.247917078435,15.1542562476869
"730",307.698659971356,87.7315791436134
"731",473.337474185973,2.2981042737549
"732",377.830324880779,24.8115762346735
"733",104.696210473776,1879.99946828841
"734",200.038478057832,417.263691420727
"735",107.744985073805,1762.22666133366
"736",323.355334345251,66.2744715016117
"737",352.433542069048,28.8997408897227
"738",493.754891399294,3.46732356810403
"739",163.007219880819,740.75876323899
"740",353.991387411952,46.5640089307781
"741",392.700023483485,13.4277947501712
"742",344.353739079088,37.846282563185
"743",444.602785166353,21.8676576851559
"744",186.645318660885,508.335134956596
"745",272.251780796796,113.493339722541
"746",441.968618892133,8.1782532686553
"747",425.304186251014,12.2845928796542
"748",381.776785850525,9.92018879420793
"749",136.598791275173,1128.5387354693
"750",262.985351216048,154.333873267522
"751",131.938146892935,1220.0592752222
"752",233.999519515783,257.724346761942
"753",120.683516375721,1441.67667090309
"754",149.375483766198,920.885369672844
"755",305.331441015005,48.0761253896587
"756",156.92099807784,804.415978063203
"757",493.603946547955,7.6518947370554
"758",142.401920165867,1012.94375487377
"759",108.919702749699,1752.78140882212
"760",202.133264578879,378.74559027527
"761",171.1436140351,647.154015862138
"762",115.542562771589,1558.97723720889
"763",166.218984965235,708.276525431801
"764",312.29274077341,83.4611005684431
"765",427.498353365809,24.2338296703562
"766",252.332433219999,194.168731229674
"767",471.610908210278,2.82689776977596
"768",270.74260013178,144.21992615723
"769",372.080943081528,28.7414172124315
"770",194.740710407495,441.725240766407
"771",354.252649750561,39.1277847787083
"772",121.459450386465,1424.86772680414
"773",112.224982585758,1666.01267051413
"774",173.634290508926,615.639458094697
"775",195.667277555913,425.432264882706
"776",464.835385605693,17.3962170189
"777",280.266188737005,94.6075001951488
"778",185.420154314488,519.86151474635
"779",399.631425924599,13.5821254638246
"780",148.778087738901,933.132872641659
"781",324.640720896423,42.934374798923
"782",243.873232789338,194.166555338171
"783",480.844103172421,-0.70928803906367
"784",200.606857705861,422.354524675463
"785",210.351020470262,337.859403400841
"786",218.551231082529,306.408597478497
"787",220.656225830317,287.143886459997
"788",261.213413625956,142.270058888628
"789",473.323011491448,-7.94365656302928
"790",191.787521354854,470.239863514277
"791",147.879249323159,928.484189055602
"792",470.207864325494,0.999926156474669
"793",106.084412150085,1834.31856682588
"794",290.375682990998,103.796510666727
"795",396.137368679047,20.911680728921
"796",354.342785384506,38.125919360101
"797",391.35034289211,26.1326004108878
"798",269.090720172971,139.978119232722
"799",104.088818375021,1900.26221059886
"800",352.626537531614,49.10232185255
"801",225.295288581401,275.655886299084
"802",384.657240193337,6.41330209972096
"803",255.093238689005,153.961597688682
"804",165.4146714136,714.04839699824
"805",393.947085738182,21.303010256975
"806",490.343201439828,3.98981599053603
"807",286.135311424732,95.7890360574219
"808",376.04871224612,29.6495488241374
"809",478.575164824724,5.00229321371229
"810",297.97532344237,80.1001846192202
"811",319.960830919445,65.2296322778484
"812",227.608359418809,257.573466918184
"813",236.348824948072,224.761748059452
"814",267.464626766741,137.889401316214
"815",378.769797086716,37.9046344418868
"816",426.41807179898,14.1226126950608
"817",331.634394824505,46.7334919470808
"818",489.61352519691,3.84050240734547
"819",426.27761149779,12.3319348798738
"820",235.311896074563,252.675558597629
"821",365.138326678425,38.8442586423834
"822",225.113802030683,281.337502980857
"823",107.69963376224,1779.45847800097
"824",414.010448846966,4.00097314048767
"825",285.28194623068,114.177264421605
"826",315.38700805977,50.7039454850135
"827",270.953201781958,123.136313900158
"828",443.972795270383,29.4185946279741
"829",196.4619750157,441.148913609268
"830",305.75020769611,69.6878137904106
"831",310.371684748679,74.6454339552063
"832",443.256146181375,3.61192395815937
"833",438.080217968673,19.7792496658359
"834",239.964740909636,223.231691464829
"835",450.673660542816,-6.80740878253871
"836",484.839486144483,19.1024188338108
"837",475.54622637108,-5.58078207191665
"838",169.262169674039,664.245529423671
"839",126.532861404121,1315.80873558268
"840",133.104404434562,1191.47955426577
"841",469.669077731669,2.13155370531479
"842",190.124022588134,496.980042735568
"843",154.874686803669,833.859849151123
"844",186.5542832762,508.557097003638
"845",253.976241964847,163.526551661396
"846",472.611602768302,-3.4527374943867
"847",319.55633405596,68.4198676732192
"848",311.060612741858,74.359517930515
"849",297.303184960037,90.3552425597146
"850",374.429788254201,-1.13602421388212
"851",491.079875919968,1.91124641466145
"852",425.744653213769,4.02859237468024
"853",223.256865981966,287.143841326346
"854",281.92673958838,115.913004073031
"855",466.92324038595,3.88230826145556
"856",205.892066378146,362.509004729712
"857",303.370497003198,102.118693485425
"858",472.209869790822,9.08516610518526
"859",203.133531007916,409.282858814172
"860",339.852535352111,48.9674628670662
"861",315.73834894225,88.4812059384338
"862",368.867105338722,30.3207949943376
"863",163.367580529302,733.57440662256
"864",145.44542003423,966.598936750959
"865",435.509334225208,-5.67332680250712
"866",133.583053201437,1163.57293474699
"867",452.817945554852,0.533254038887286
"868",468.054367322475,2.67743532671597
"869",428.002611547709,13.1343441572676
"870",376.39789916575,26.4602306305319
"871",483.417274989188,-3.36534785241958
"872",476.850584801286,23.9482388591455
"873",204.07939106226,373.606617511406
"874",335.006854403764,44.738403467564
"875",284.142994787544,107.076172881405
"876",360.548997856677,34.7599033709027
"877",414.893517829478,5.1149416228742
"878",298.618231154978,79.2219813434674
"879",390.74330246076,24.3888355183388
"880",155.065566673875,841.219492077975
"881",457.58251324296,19.4116250258029
"882",359.459875617176,25.6603066362134
"883",150.381532870233,911.541271981036
"884",283.131159003824,116.009728556231
"885",394.251452106982,24.3236989282255
"886",359.935699403286,27.2474207433812
"887",109.276800695807,1736.32159299198
"888",489.48135189712,-0.103483871185054
"889",109.154859557748,1754.65327424382
"890",451.54817532748,14.8649868074988
"891",449.145548511297,12.0943028891182
"892",488.380937371403,2.00591595192608
"893",304.155753366649,78.7676225246731
"894",467.196521814913,23.0382191818576
"895",472.613446880132,-8.54625889744466
"896",448.144509363919,2.30293127965837
"897",463.619956560433,-4.75681143651168
"898",406.180385779589,39.6776120971394
"899",215.877250768244,315.085126370081
"900",433.814218081534,-11.8509856642803
"901",212.566973734647,343.548742404858
"902",482.287271972746,4.32785326797361
"903",200.252251699567,406.776092452506
"904",131.697954703122,1218.26255906161
"905",385.752889234573,24.7059619989062
"906",379.497197829187,27.78955004136
"907",430.009160656482,-2.04537176431578
"908",350.862440187484,48.1714781133131
"909",433.213992137462,11.7846973619426
"910",480.241514649242,11.1505596270205
"911",225.694440677762,279.238070628782
"912",344.327054265887,42.013088193159
"913",221.958177443594,261.969397060973
"914",431.176199112087,5.88990379558236
"915",105.662924330682,1844.79137384828
"916",270.939132943749,143.887008962576
"917",243.423261865973,200.240497723351
"918",111.053346563131,1683.9115871419
"919",242.062663473189,210.31085643274
"920",315.60528408736,65.1711150495788
"921",486.878115404397,-3.99157627479043
"922",162.681557424366,741.141428212867
"923",203.716087341309,387.993907156129
"924",246.135705709457,194.383912575017
"925",381.400317605585,19.19085506504
"926",485.074763279408,7.66754207236561
"927",410.551305115223,27.3902841428513
"928",309.912527818233,70.1286742641162
"929",289.24027364701,85.9961962894765
"930",424.267876893282,1.13477646380982
"931",484.273289423436,-26.7731685021018
"932",407.569964788854,20.9174023485183
"933",329.476753808558,52.4590362821001
"934",382.369720190763,18.068374251357
"935",246.355218719691,192.757045417573
"936",198.376013990492,408.813035171588
"937",469.489650707692,7.79844471909759
"938",192.704634740949,444.562359932163
"939",276.51593759656,128.020827956966
"940",278.627720288932,121.936479501051
"941",167.667825054377,673.991342585328
"942",207.37778833136,367.331976038822
"943",461.679946724325,11.3627521585918
"944",453.649444691837,31.2660631658776
"945",120.180879347026,1463.36990527715
"946",369.330497644842,20.9139777810262
"947",398.53723058477,24.4009478890899
"948",105.818178132176,1840.61671951973
"949",292.596419807523,93.619652425442
"950",421.228066645563,19.0867712164021
"951",470.258683245629,6.02166888966488
"952",141.395321115851,1053.55839589629
"953",467.638219799846,9.57570415748419
"954",404.940971173346,15.0221879679548
"955",134.078143257648,1172.1165914448
"956",320.545437838882,67.2137623816488
"957",263.184763956815,146.991676217185
"958",352.901683282107,40.1104591103591
"959",461.474456638098,-2.34211816953175
"960",274.870536383241,126.25619128206
"961",116.630054730922,1545.36109731302
"962",362.036107201129,20.3444037792303
"963",445.661103539169,16.1961369967048
"964",216.985878162086,308.595504487723
"965",158.592652808875,799.154277444261
"966",468.371580075473,18.1922857047609
"967",259.408806171268,166.343319300661
"968",260.514564346522,160.33658186608
"969",384.868009667844,41.197877650264
"970",147.545410692692,936.102384022552
"971",108.23601745069,1774.99892355646
"972",177.125973906368,596.343748700591
"973",394.096631370485,40.815990612845
"974",163.324045296758,719.039392761831
"975",156.92186774686,813.532890081868
"976",388.240082189441,-0.319076283412436
"977",166.227579116821,691.132367133257
"978",151.510145422071,874.808517137913
"979",406.602563150227,13.8435457000763
"980",425.483954232186,27.7775113969753
"981",351.00637068972,35.4836083603161
"982",375.384814012796,20.4378434957053
"983",279.653244372457,117.705234932601
"984",462.609426025301,-1.61442983840054
"985",224.429799895734,272.722638462233
"986",269.240645039827,137.103785443801
"987",484.817328676581,15.185040377819
"988",484.648782666773,0.630761844237818
"989",444.534918759018,2.74488799709043
"990",405.121823679656,34.9011730383736
"991",219.561717193574,298.637211357817
"992",215.937656443566,317.988144702134
"993",302.38222675398,94.455857176844
"994",353.366713877767,33.2130882737239
"995",192.756379954517,463.778546106032
"996",102.50466261059,1942.73938798874
"997",452.378227096051,12.6346083621734
"998",422.555842716247,27.823235655905
"999",179.186323750764,562.358450845056
"1000",296.61264596507,80.5380821496624
