"","id","predictor","response"
"1",1,1.51036366625669,35.3309498093255
"2",2,2.36328555821421,1.06387539876986
"3",3,0.291413453407586,71.8780542225372
"4",4,0.279590523736996,24.1907420005035
"5",5,0.872137251558349,10.8485196414739
"6",6,5.78993707492815,0.294167013786704
"7",7,2.45912410682979,13.0626887241945
"8",8,1.07936567999423,28.9415288738209
"9",9,1.91313498739691,71.8317768840943
"10",10,0.294091981007905,19.3742337416442
"11",11,2.78147025762086,5.95543514452619
"12",12,1.52405971094015,54.7637738612622
"13",13,2.47520710146966,1.51914107939638
"14",14,8.84786843536567,0.00288828470184903
"15",15,2.10908633462133,5.2180350122555
"16",16,2.07048789206148,9.28421168734614
"17",17,3.75207034481649,14.649691061958
"18",18,1.30949327442795,9.60157267271137
"19",19,0.673866952769458,87.9922256327482
"20",20,1.17695944290608,12.2208839458377
"21",21,4.72903050604729,12.2156153592212
"22",22,1.28378517646343,20.143916167674
"23",23,0.588240775279701,138.723708535076
"24",24,1.13173104915768,12.2113661132232
"25",25,0.212145246565342,102.222124106987
"26",26,0.118878320790827,74.0431516225662
"27",27,1.15742492675781,79.1881473793804
"28",28,7.91786570432496,0.833627231385316
"29",29,2.34662421164154,29.5733463333186
"30",30,1.99362591048769,1.48136069385655
"31",31,2.87057068674615,16.4683277128233
"32",32,0.0745370527729392,8.23220697129976
"33",33,0.648020305670798,36.6315146036504
"34",34,2.64093585862758,15.6220110552543
"35",35,0.407020700063132,50.9883250241688
"36",36,2.0454517546201,3.58397547551873
"37",37,0.60348186828196,18.5755488548407
"38",38,1.45042860685828,22.4037612958013
"39",39,1.50308538345017,1.43355917526864
"40",40,0.470054901741938,28.4273987909014
"41",41,2.15976227438989,71.6602875032337
"42",42,2.05649380750003,12.349533227146
"43",43,2.58452329534832,3.05672125543936
"44",44,2.50621070890667,0.356979422038146
"45",45,1.10928279533982,32.9477751369498
"46",46,0.602565992749299,12.1713111712318
"47",47,2.5862493123019,39.4406943465122
"48",48,1.98911157614532,25.5348289445882
"49",49,1.02834859210998,10.4217426300926
"50",50,4.0156648045588,0.91243129457153
"51",51,0.844484889879823,10.8027527918268
"52",52,4.35754513647906,0.683097276988115
"53",53,6.43557803549607,1.63095157759682
"54",54,1.11565870977938,11.5908016131218
"55",55,1.18923530355096,41.2464115849176
"56",56,1.95479161164601,45.7594560973724
"57",57,0.419733161106706,76.4347413371943
"58",58,0.618895712308586,11.4475461606453
"59",59,2.21187253660502,3.13149611120411
"60",60,1.54837552822175,10.593114629444
"61",61,0.17934815662481,24.2917445126533
"62",62,2.21635331352876,26.1805668678745
"63",63,0.494528506680518,124.000986482783
"64",64,3.14397369308357,16.3376759977416
"65",65,9.66562548974409,0.237716627441904
"66",66,0.862264264374971,125.121282084672
"67",67,5.46077862729259,0.476900013324181
"68",68,2.27366283054064,31.9502945472371
"69",69,1.62673649192689,40.6992347885621
"70",70,1.67401298134368,33.9945956176062
"71",71,3.56953080908245,0.654122850014619
"72",72,4.62494325240083,7.61634211968085
"73",73,5.81977453794251,0.869424300168146
"74",74,0.571181968785822,23.0799523171464
"75",75,0.777573544112614,104.577511974806
"76",76,0.104110895656049,19.1647934594013
"77",77,0.703740995768193,0.782362860908384
"78",78,3.13048269061918,20.7989340077433
"79",79,1.62907161265585,28.7963705334288
"80",80,5.51848757614322,1.74744728031093
"81",81,0.77238712694701,176.739642239406
"82",82,2.01651291354539,5.15430701816111
"83",83,1.63702837767072,25.2193535907581
"84",84,0.118522411212325,106.897638181727
"85",85,4.56770694603152,6.71692990048669
"86",86,1.60834182231667,46.617144540799
"87",87,3.16739216011613,2.0924102091076
"88",88,2.46758301558732,29.149373690317
"89",89,2.69128803714159,8.13701424055572
"90",90,4.20075445969529,0.65586868691667
"91",91,2.07019429459217,23.3396980851096
"92",92,0.894903786480427,8.85480637628793
"93",93,2.08721702910008,52.1114573317489
"94",94,0.521656489931047,9.84172231613262
"95",95,1.36245821602643,4.71970765587852
"96",96,0.527476528054343,82.2921044093292
"97",97,0.893211308904168,39.1440838434463
"98",98,0.421213786117733,21.7828772911661
"99",99,0.265142811845445,42.382190477461
"100",100,0.697776690797837,82.7199585815389
"101",101,3.79968668131118,0.20705235210611
"102",102,1.03241220954806,4.13453236804
"103",103,0.897995570674539,2.73907281026205
"104",104,0.759199375466919,2.6778751451112
"105",105,2.49753515972736,25.0321036314356
"106",106,5.38682312120624,1.95086548264821
"107",107,0.392643618067009,166.684796111432
"108",108,4.59967434614444,5.21683507186779
"109",109,1.13140534795821,20.0770352931181
"110",110,1.52636001995745,99.4955182177061
"111",111,3.14543341138802,7.2327189875663
"112",112,3.67128195969348,2.94564594924899
"113",113,0.0743045499548316,66.3715144898242
"114",114,0.251131743192673,115.748678613524
"115",115,2.83909839374905,8.02034227438603
"116",116,1.43723519324305,7.05994304575801
"117",117,0.871741103939712,19.8215705813497
"118",118,0.138824690913921,225.520662791655
"119",119,0.427383919637501,53.3610156258167
"120",120,0.598317841999233,73.9498293974573
"121",121,0.471311252596263,108.745073099887
"122",122,1.48608724205735,17.885755940465
"123",123,3.41985165310984,10.1185759809696
"124",124,1.96363881408217,15.7353566764399
"125",125,0.040500826202333,68.0820589866751
"126",126,0.357138901187049,14.515539839696
"127",127,6.51867420937786,1.78431776784938
"128",128,2.72914442784133,26.9593306015901
"129",129,0.182217747767545,145.906701297039
"130",130,2.3821892774755,1.6200561103771
"131",131,0.525680913589895,35.4661901665595
"132",132,2.50692583053353,16.4714638800869
"133",133,0.758511395193636,220.903310209332
"134",134,0.757653649896383,21.562535845191
"135",135,0.219602492637932,63.9471765119197
"136",136,1.81111492291836,33.5826639908393
"137",137,0.313415776006877,73.3603428627771
"138",138,0.197691234921606,14.8040193009446
"139",139,4.14740073291545,1.31960456873822
"140",140,1.57024172551968,4.50632110466365
"141",141,1.05632006766366,65.2141728989985
"142",142,2.05863282051297,15.970599458014
"143",143,4.50230539502092,7.13017693250973
"144",144,2.36922802581432,6.141277905093
"145",145,0.439655870020094,463.752595145224
"146",146,1.61002259693089,31.9387302763641
"147",147,1.15016203094274,0.392033112232067
"148",148,0.809850050136447,98.535163384161
"149",149,3.41303094087129,2.39647050489436
"150",150,4.22152432401605,28.8287632023704
"151",151,1.01882248651236,41.2859816165202
"152",152,0.481640132144094,3.38921394775931
"153",153,3.48581698892598,21.0976444631666
"154",154,5.69632410475491,9.05011114959325
"155",155,3.84794128296857,16.3803548235365
"156",156,1.44365453152897,42.4554503060642
"157",157,3.67229788733606,9.11099153173997
"158",158,1.42481549222833,23.0972787577399
"159",159,0.109243107959628,216.776080611169
"160",160,0.0664854737766346,165.935060394476
"161",161,2.99064066989307,37.090317298895
"162",162,1.95823132424595,35.6997409438551
"163",163,3.249894503336,15.6639114266401
"164",164,2.88823947666173,4.00064496959608
"165",165,2.95477072206123,11.5299986892609
"166",166,0.453337285488076,61.7623504251531
"167",167,5.33229438562818,0.127900286157304
"168",168,4.22880729890976,12.3979531259064
"169",169,0.694848931394517,22.0611835474492
"170",170,5.1943344583077,5.03052954644244
"171",171,1.90645492206225,1.59005104002428
"172",172,3.59420014155989,4.99588894920001
"173",173,1.25374083407223,39.6670382220298
"174",174,4.34917547156043,1.87694837121395
"175",175,2.58989233515205,9.07043647503035
"176",176,3.03089793382173,9.05793695964627
"177",177,3.86554652063136,2.45276116350832
"178",178,1.36540686711669,5.57975188679341
"179",179,0.879655953496695,92.713873958803
"180",180,1.52399102590027,19.6617242231217
"181",181,1.50151468900491,253.269094574818
"182",182,0.498856758698821,35.4715960955037
"183",183,0.658472998999059,41.9070088062474
"184",184,1.88621161310914,25.7486275405161
"185",185,2.63181126295569,6.84194609898479
"186",186,1.08433465654204,33.0123677427809
"187",187,1.52931939243319,32.2376010985753
"188",188,1.04860611818731,18.94628697303
"189",189,0.407023717011225,104.493557108109
"190",190,4.62773649741836,1.49831920091531
"191",191,2.29586883998456,14.0736886190394
"192",192,1.60354627934197,39.5296302408051
"193",193,0.244614463182218,144.723021130457
"194",194,2.46072549737039,34.5195471406148
"195",195,0.704656203277409,14.3542579607132
"196",196,1.54064459904077,75.0904469930801
"197",197,1.62445984647536,50.420276596991
"198",198,0.901621090248227,32.1653011852611
"199",199,1.47474336097017,26.9916159929542
"200",200,0.114007782006671,15.422156169041
"201",201,0.151246050429989,198.574465321311
"202",202,2.05251823729816,1.3336882119834
"203",203,1.34966627694666,28.5086076841194
"204",204,1.60109309471192,19.202179089298
"205",205,0.348140565678477,15.5341678954283
"206",206,1.34692907892168,139.142873143797
"207",207,4.43581185092158,18.5228999369273
"208",208,0.811114973388612,38.8583375222572
"209",209,0.795298148877919,57.5502002414284
"210",210,1.99200949573854,21.8792898034426
"211",211,0.307499156959376,52.1829772341994
"212",212,2.74802150755169,20.1034014583936
"213",213,2.05446080668809,107.388651193041
"214",214,0.245643785706902,290.957654614906
"215",215,2.16853014485454,10.248587582154
"216",216,0.321843690969112,180.311404168256
"217",217,1.32668686006218,87.9154326251641
"218",218,4.36311598842488,1.33311180894966
"219",219,3.07061980647926,16.025661801575
"220",220,0.214669091755876,64.524766424366
"221",221,2.17271077810767,13.0446101965565
"222",222,0.639284103177488,162.883445113163
"223",223,1.88047335660996,21.7241964012005
"224",224,2.19888163535836,32.1555895989101
"225",225,3.13812003267889,3.71377844365065
"226",226,0.63551043625921,5.28129005283261
"227",227,3.73370815424209,4.21755422061973
"228",228,1.24468230163093,89.8310169136846
"229",229,0.89476300496608,30.5248659781875
"230",230,2.34915088853779,45.7271564041305
"231",231,1.12407016102225,3.34614945859269
"232",232,9.1720403800334,0.283824296821307
"233",233,0.495469569190828,52.4514682141483
"234",234,0.990540253929794,27.559251524903
"235",235,1.17163609527051,8.41304436749158
"236",236,0.8234360255301,147.233612685967
"237",237,1.81334573380478,47.0623901841471
"238",238,0.780048985034227,23.4209157129396
"239",239,1.29117322247475,31.4586504768759
"240",240,2.09986533519394,20.5395462515378
"241",241,3.06325410662179,1.49942827083761
"242",242,2.14219351104441,24.3265445642269
"243",243,2.63240301973167,2.40219714082545
"244",244,4.88883526970573,2.0913898223396
"245",245,1.1622471041306,202.071904683203
"246",246,0.100451767582283,32.6439820371592
"247",247,0.151459691114724,25.4674926925413
"248",248,5.52048752059169,1.34133937254338
"249",249,1.20675082225353,149.260022142775
"250",250,0.958566983230412,17.7429365344191
"251",251,6.88271430101166,1.69150158071717
"252",252,1.44386498793666,13.3062435197793
"253",253,1.7382287531251,2.83576706512597
"254",254,0.00340194907039404,21.8639309548328
"255",255,0.438995740376413,68.2972828760619
"256",256,1.500286757862,60.0491360771471
"257",257,2.77108323751929,1.79801392787903
"258",258,2.31880329168382,7.42024314319684
"259",259,0.0970859083287073,50.6691055580863
"260",260,0.513306512888144,201.668820661114
"261",261,3.49648600427394,1.03950592462845
"262",262,6.34668004940885,3.13960509891468
"263",263,0.0900397061476577,11.3396824532557
"264",264,1.38897383902194,5.7715354431087
"265",265,1.4737322590405,1.20617746626961
"266",266,0.226084479028195,27.024793888591
"267",267,2.02523074958084,4.34320427014241
"268",268,0.550563940400464,161.009235204011
"269",269,4.49175491870616,7.26886969956317
"270",270,2.07648603416883,4.84399642910482
"271",271,1.04125312715769,18.1564384298365
"272",272,3.25900828449016,13.5424676493228
"273",273,0.81572220559178,72.7489462957
"274",274,0.00900326110422611,18.271006848834
"275",275,3.80906740559225,13.0963122169322
"276",276,12.6625670414741,0.00370601746190698
"277",277,7.84234849694085,0.298114927794272
"278",278,0.227805003501365,380.473873636388
"279",279,2.57911480768564,23.7631189979368
"280",280,1.98798887902414,3.83320575228022
"281",281,1.38498301059008,167.203588721963
"282",282,6.31342997946782,2.95092298917025
"283",283,0.632230214774609,34.5106963090081
"284",284,0.653370901010931,180.425352516978
"285",285,1.94385788125031,14.2931335195676
"286",286,0.738342067136959,76.0665324584798
"287",287,0.0112684318501314,56.5202613876787
"288",288,0.911068018525839,150.987355340288
"289",289,0.866357915103436,63.5062370871984
"290",290,3.77141065878754,14.9961647544393
"291",291,0.584269107319415,20.39368455497
"292",292,0.167917119339108,54.0962349931555
"293",293,2.06886043949964,40.7898844695769
"294",294,0.551634892821312,138.853742679579
"295",295,1.31680425535887,43.6545229466068
"296",296,0.835900793783367,42.8390017539297
"297",297,2.17469716808739,59.5513129125387
"298",298,2.82583472115879,1.65112383212291
"299",299,2.49092227212133,0.66073312665655
"300",300,1.05177710545847,134.828166938207
"301",301,0.840705731243153,75.2091820571075
"302",302,7.31638764556057,0.26451981420188
"303",303,4.21879631211039,5.13602792077402
"304",304,2.08132083146813,13.2311904569749
"305",305,3.55102957768326,1.63558963227828
"306",306,0.487093118019402,21.8140679139669
"307",307,2.56904338105562,8.58500997083755
"308",308,0.455735560717391,12.9358445328541
"309",309,3.92693613825326,7.63148721787492
"310",310,4.68467226885106,0.0730325005608138
"311",311,0.247952370904386,129.69269337785
"312",312,0.930872070603073,39.8528195237003
"313",313,0.0152992429893327,175.811826557039
"314",314,0.530264002498534,16.436249955628
"315",315,5.1683515270514,2.3026931226616
"316",316,6.72300681438217,0.468647180996793
"317",317,1.28464927244931,5.15963117922207
"318",318,1.31729721743613,5.24769710529221
"319",319,0.618931503035128,17.3638843490693
"320",320,2.89783373085742,7.08229938416431
"321",321,2.12077357052805,36.973358975635
"322",322,0.925486315973103,61.3028015701951
"323",323,0.334899913582826,1.52417360109661
"324",324,0.576428914442658,47.3332595609465
"325",325,1.63229607037249,19.9608764782234
"326",326,0.219583421647387,7.35372725617347
"327",327,1.40237274012508,14.396238213348
"328",328,5.17937165100999,0.821117558023073
"329",329,1.31087107863277,102.485042106202
"330",330,0.101222014985979,17.8188155355328
"331",331,0.670990509912372,5.6010934085419
"332",332,2.65251643947306,4.43132735317379
"333",333,1.37035961356014,44.6839760074305
"334",334,0.94922187179327,7.54389985911361
"335",335,2.17208956918659,56.2485978709748
"336",336,0.0489053692904115,161.13834171214
"337",337,0.385793822817504,60.4174636175542
"338",338,2.7088383733386,6.66023237096581
"339",339,4.61958830405898,4.17700044348022
"340",340,0.112195516936481,5.44511976543163
"341",341,0.767280246887659,10.9865522408096
"342",342,3.67637077591442,4.06555681868834
"343",343,0.594203789718449,201.561924642342
"344",344,1.91290959261539,6.96713615698772
"345",345,2.5150869713351,30.5982249423513
"346",346,3.13228544576054,4.72744474194952
"347",347,0.999286659993231,37.6204107508924
"348",348,0.486070250784177,168.824737476833
"349",349,0.147845964131079,38.4880523062083
"350",350,2.15559115997496,11.2585998548915
"351",351,0.132242423482239,159.498638485629
"352",352,0.155177197419107,133.011007261975
"353",353,0.858871798962355,17.6060429694996
"354",354,2.63261836200001,11.7324873668855
"355",355,3.21719898266678,7.37580729733874
"356",356,2.10815645187142,16.7952265935737
"357",357,0.506619390100241,77.0790476608636
"358",358,5.83996648832645,2.67349609444815
"359",359,0.157848111353815,79.9972987023125
"360",360,2.95639010129457,0.929007722804081
"361",361,1.98521548501196,13.0666991440135
"362",362,0.484305175021291,96.6524239616856
"363",363,1.43415234974566,51.4741380703052
"364",364,0.53950319532305,47.7170917920006
"365",365,1.90044811805066,42.8533340869366
"366",366,1.89990900075975,3.12073959789688
"367",367,1.3141374392435,76.3089948151314
"368",368,1.52188578517972,66.8162323594882
"369",369,4.23570025314517,0.0369639356311674
"370",370,0.757829465903342,140.586266647696
"371",371,0.672202415764332,36.9872427684207
"372",372,0.418235679610706,10.6783863094662
"373",373,4.00431700034027,0.498242926475709
"374",374,1.16951502393931,74.4315103436652
"375",375,2.81522638331935,14.6877082092772
"376",376,0.740430020727217,10.2433924072423
"377",377,0.936932257049839,27.2808576805854
"378",378,2.28144784077051,6.23442519791452
"379",379,2.52522144271972,65.9345888759923
"380",380,0.270749590359628,216.630574140903
"381",381,5.20375135888286,0.858080140869777
"382",382,3.87313386781101,3.91376416830015
"383",383,0.352265572175384,156.240409803015
"384",384,1.00601667258888,47.0015726217231
"385",385,0.515418333947402,4.16421311623262
"386",386,6.03958741547285,2.81282552893442
"387",387,0.351711729541421,5.07896048375695
"388",388,0.276485573524244,89.627233859427
"389",389,0.68563331104815,1.27432375432576
"390",390,1.07257820293307,27.7859713850602
"391",391,0.0889931041747332,83.8253775636308
"392",392,1.31230007205158,151.92760415942
"393",393,0.108384778723121,51.9311691885792
"394",394,0.00701930001378059,81.1086947266972
"395",395,2.74608092001619,35.1895710524995
"396",396,2.28468062720242,47.4891761946703
"397",397,4.54243814093894,4.04102071251993
"398",398,1.11272520851344,45.0107073802827
"399",399,3.07318521274214,10.4336051466336
"400",400,0.0621046023443341,186.451134547469
"401",401,0.388961941935122,13.6003189224774
"402",402,0.0233720960095525,8.23881365820746
"403",403,2.47509142561796,58.670818134824
"404",404,1.40259681504015,26.2353403518231
"405",405,4.70095326353736,0.255146591127406
"406",406,0.0294970190152526,54.3259062275388
"407",407,1.28068646788597,152.408836111802
"408",408,0.393581672571599,175.71858551824
"409",409,2.16166303551632,8.79138758469584
"410",410,3.45603284968023,10.0928801146029
"411",411,0.656414675225756,83.6122493781333
"412",412,1.0035287514329,46.1503194979783
"413",413,0.706275089643896,29.3247116827915
"414",414,0.592053783126175,34.2152003363154
"415",415,4.50278291453548,2.64086607900245
"416",416,2.12217318390408,5.90294796696851
"417",417,0.84889823757112,6.82264072105072
"418",418,0.897962301969528,90.8278785198271
"419",419,1.55304097409432,1.85177645371849
"420",420,1.42441451571571,0.409015995628962
"421",421,3.11757820827847,13.9804975262407
"422",422,2.76705562501195,6.96160970021361
"423",423,1.06854869704694,38.6826823956128
"424",424,10.1444805593868,0.027615392437805
"425",425,0.414382766000926,41.9779617976529
"426",426,0.363953783464493,34.5083876506827
"427",427,0.46247544438298,13.8357061888676
"428",428,1.4578206664835,46.6310833521003
"429",429,0.192681657150388,10.3570386710671
"430",430,1.00488794222474,7.53112679304313
"431",431,6.79453198578129,0.210269902508727
"432",432,0.859864849597216,20.9912394467409
"433",433,1.76785001522841,47.3914223467724
"434",434,1.65411203904989,3.03932919616317
"435",435,1.31950850971043,117.114797323886
"436",436,4.92353508968778,3.6681543951202
"437",437,6.27523305978546,1.5608756681625
"438",438,2.17622083230856,5.07897382930218
"439",439,0.169344040565193,1.10078818600227
"440",440,0.437843454070389,77.1434147226213
"441",441,1.55727114892545,34.3077562239174
"442",442,4.05628363398795,0.881157167664882
"443",443,2.43935154742541,62.5981447463517
"444",444,1.55468961147586,44.1500782748252
"445",445,0.70323249977082,45.1845300830628
"446",446,1.56452284719481,58.6886816307132
"447",447,1.65287557325226,89.328935792298
"448",448,3.39424118840409,5.60409536566023
"449",449,1.10857994109392,129.198749364176
"450",450,3.30410511402373,0.876457200111439
"451",451,0.246690642164533,302.739103860957
"452",452,3.41084706393962,5.20265022131889
"453",453,0.261075909249485,42.9418373460299
"454",454,0.908724084496498,240.177016099811
"455",455,0.661904556958491,40.1870969978831
"456",456,1.28111997433007,12.0448383288917
"457",457,7.05783478501153,1.02483739248845
"458",458,0.0393609626964846,96.511103094674
"459",459,4.11073232797866,3.07687862756001
"460",460,0.655007340757075,25.9942078484364
"461",461,3.4192306807447,0.361905709946422
"462",462,0.481711702421308,33.8230058243384
"463",463,1.72494552089813,12.113429505365
"464",464,1.44956373917987,4.82117295214455
"465",465,6.0203207902007,1.78999832079511
"466",466,0.0718022827059031,10.8316168661083
"467",467,0.50098134111613,13.3337406015334
"468",468,3.48808839440146,3.13698705209594
"469",469,2.17241223706844,4.5616602286799
"470",470,0.0477422604333227,36.3826317760225
"471",471,0.980440544895828,11.7867399122379
"472",472,1.57233629553559,7.05086764265687
"473",473,0.708424406126142,17.7983359052825
"474",474,2.16987410551848,13.3549748278886
"475",475,0.0439638358681173,114.405076284085
"476",476,2.21498074187877,30.4394237445492
"477",477,2.48328306331279,5.4235375465638
"478",478,2.2418716418648,12.6639256860327
"479",479,0.531974109511588,118.829941576063
"480",480,0.336499379261541,80.1554160556469
"481",481,0.868363355286419,9.78006071230245
"482",482,2.17786264783683,19.5579106074429
"483",483,0.217133402824402,46.2183921629501
"484",484,0.971889652311802,43.9145818919388
"485",485,1.27879327442497,36.016328509991
"486",486,0.0497196334779686,9.33954851266168
"487",487,2.32208003840389,12.0677573121487
"488",488,1.83186589731815,29.0547135954788
"489",489,0.911321830004454,5.02995904123857
"490",490,0.798915064893663,194.978975820555
"491",491,1.07929204454577,17.5281522000003
"492",492,2.59304178683999,0.862375981695159
"493",493,0.307218635454774,99.792540387927
"494",494,4.60238536049552,5.84743817826964
"495",495,0.700814885345177,3.3890066436709
"496",496,0.18647535193574,99.6102916955882
"497",497,1.44070497317617,1.1837385697408
"498",498,0.577324060723186,112.941144562803
"499",499,0.862268800847232,8.84251254385615
"500",500,2.19962813138011,55.1134213299549
"501",501,0.070404235005324,29.7328663231136
"502",502,0.0501783135206348,108.47800158873
"503",503,0.881663143634796,76.3894118364327
"504",504,2.80171732154161,13.9086805135657
"505",505,0.767206477932632,4.02227187605168
"506",506,5.7640184756733,0.0957589072011431
"507",507,4.1680392285151,12.531971965293
"508",508,2.56794309607687,4.9453551193523
"509",509,1.49271434631239,25.0863357310893
"510",510,2.7578630055392,28.4367702856792
"511",511,0.3102079325357,99.2329033983862
"512",512,9.22085557082548,0.154666828941137
"513",513,1.45511273658814,2.06371444052692
"514",514,2.41350616571951,8.5675521776824
"515",515,2.04393392979147,2.21906851498177
"516",516,1.24666332683859,9.14221851807545
"517",517,2.32587979597929,1.30936338063775
"518",518,0.325110314413905,65.1294625206812
"519",519,2.03163905992153,43.9937196498491
"520",520,13.1690659180172,0.00332328428089289
"521",521,4.26454593588538,8.43581106858679
"522",522,4.90934443821139,1.14806656292296
"523",523,9.67385367253676,0.0579768217467577
"524",524,2.07225935525241,37.996455906875
"525",525,4.21060943532679,10.5431956119733
"526",526,8.76814488271132,0.0436505650752348
"527",527,3.35812673700934,6.62869632420736
"528",528,1.32759595289826,61.2445372606991
"529",529,1.06737101729959,24.5322588476437
"530",530,1.56853689244928,38.2166750166206
"531",531,3.78320150433068,12.3413419045417
"532",532,2.85562808852987,18.2507745245064
"533",533,3.14308264834766,1.15292367844999
"534",534,4.49449543257184,1.06992369255072
"535",535,6.28987452354202,0.747783411030677
"536",536,0.0898450892418623,43.9359624881582
"537",537,1.15692595764995,22.5776579130352
"538",538,0.779013392515481,2.85046296101248
"539",539,4.28931659807391,1.32922575731364
"540",540,7.23006335976434,0.48824088370636
"541",541,1.6047772403203,25.7331593231549
"542",542,0.815767330117524,1.43098883704133
"543",543,0.450907511280753,9.86378933425719
"544",544,0.0543215531816793,125.198090226599
"545",545,0.896978771314025,52.2355315924346
"546",546,1.6976554635072,22.6328983826232
"547",547,0.00779441837221384,64.1292968101044
"548",548,2.2319561243722,4.46170101793912
"549",549,3.14949697547371,3.86003961195459
"550",550,1.00618349201977,56.201018814277
"551",551,0.641480370631093,30.5593261997441
"552",552,1.88258571728113,18.8561387916129
"553",553,4.10121293721681,4.09964710780959
"554",554,0.0731088452114608,95.0378007315832
"555",555,1.96279907733377,8.83141398795304
"556",556,1.02761632017791,24.3730825299661
"557",557,0.129826262517046,97.1418551168241
"558",558,3.61908602325206,6.62629006130653
"559",559,0.568858320824802,32.00569428802
"560",560,0.363808268250115,19.7338510913354
"561",561,0.26019268236435,22.3008344892539
"562",562,8.83181086877241,0.393418968469215
"563",563,2.2697667068893,35.9768316540716
"564",564,1.56059207175387,12.4212404393486
"565",565,1.80574501483681,69.9449673836317
"566",566,3.26975514123718,16.3597144203155
"567",567,0.748306948888452,10.6108398912912
"568",568,1.59190904616416,4.09653323327083
"569",569,4.28666086842246,7.77779175109385
"570",570,8.0356622743876,1.01733703105727
"571",571,0.449692967347801,62.5702556948499
"572",572,0.786434992216527,92.3898222442111
"573",573,1.20456754881889,86.081196926628
"574",574,2.9762732645679,0.290410790585046
"575",575,3.32914588583593,15.8558190293992
"576",576,0.260501091150042,12.9641217018144
"577",577,0.176936090923846,91.5919692055115
"578",578,2.01155820666792,30.3855557032434
"579",579,0.185395394583614,14.9197218798754
"580",580,1.10733599215746,2.90593632035992
"581",581,0.543799394741654,134.680264545084
"582",582,1.64338473408463,36.645501770476
"583",583,3.83274001983886,13.2613888359827
"584",584,1.51058812058511,18.8642531826067
"585",585,0.123235171660781,93.9773013652075
"586",586,0.739443616010249,150.122594719416
"587",587,2.45256151064279,48.1854481455265
"588",588,0.0542041862511678,26.1332104060347
"589",589,0.0180201316252351,195.009564466037
"590",590,0.313930220901966,59.4943292556998
"591",591,1.35721563175321,37.7920890537744
"592",592,0.617779901251197,2.35286892522859
"593",593,0.117725585507455,13.319272538752
"594",594,0.411015203569922,222.136406678436
"595",595,2.89405927790289,48.74684171224
"596",596,1.51358162230792,68.6013577868932
"597",597,10.6365624399562,0.0664009238274531
"598",598,1.27840728592128,34.1244514981472
"599",599,3.56717558560853,15.8354265011946
"600",600,1.37232220824808,78.0907696038087
"601",601,3.43998339010363,15.3674313319558
"602",602,1.05607774015516,38.3017749120131
"603",603,0.0757523495703936,47.9271257044063
"604",604,1.56777678794208,35.610697073679
"605",605,2.1319194472486,9.94002149978262
"606",606,0.820301360450685,127.945512691923
"607",607,0.366141204722226,54.9001526395209
"608",608,1.85261135261401,33.9010207905238
"609",609,0.583367534913123,81.398394903963
"610",610,3.91340742988472,14.3215499546228
"611",611,2.24373744233491,17.9478992325723
"612",612,0.0520723285153508,51.0715448407772
"613",613,0.211642184861448,52.0869280320544
"614",614,3.38040597720032,19.3836114443297
"615",615,0.457387436181307,5.15731368632104
"616",616,0.00654577556997538,2.67408549011675
"617",617,3.78249093128328,10.5266406724488
"618",618,2.64801318190041,16.6731119557125
"619",619,0.329552187584341,135.931466786297
"620",620,1.85772688119652,28.6439718528494
"621",621,1.4501201135341,56.4906020351326
"622",622,0.139446918852627,3.41844450328339
"623",623,2.60767844684555,9.37227120968326
"624",624,3.38444658352022,1.52154804115896
"625",625,1.00876306276768,2.7004951639448
"626",626,2.61019197843018,21.8675694913069
"627",627,0.227810773998499,39.3701147752254
"628",628,4.72430010487266,0.30017898390789
"629",629,5.37721989851751,2.79138093346888
"630",630,3.38391075266485,6.79128147348134
"631",631,0.126255605369806,203.439198425921
"632",632,0.222908690086655,13.6669344482487
"633",633,0.306053436207838,14.664142476243
"634",634,11.1580490761234,0.00486078490078377
"635",635,0.47677041310817,41.5584254774855
"636",636,2.60634173816981,42.8831807542889
"637",637,0.70130134248413,45.8591380078331
"638",638,7.45745020347541,1.10332032753235
"639",639,2.08886016338112,10.0880509992861
"640",640,2.30174917160513,3.59932640401818
"641",641,0.55502387881279,15.3189232367174
"642",642,5.65169440176258,2.88197643268006
"643",643,0.78477035369724,106.095952976411
"644",644,1.2622566986829,98.320062816468
"645",645,0.0296914139762521,76.202633126204
"646",646,4.7318925433614,3.51304002624995
"647",647,1.72159905637219,48.2119773438043
"648",648,1.7834193817431,5.78119537306013
"649",649,0.817915285937488,3.85858817969178
"650",650,1.08669979218394,28.929352596684
"651",651,9.08204959162729,0.39983464063015
"652",652,0.351795953896334,29.1548972893536
"653",653,2.67460132195594,0.64154682055095
"654",654,4.34182757541616,4.58895184679807
"655",655,2.76834719805958,0.859806081148342
"656",656,0.31688627814216,58.7857659361875
"657",657,0.761114743538201,75.8492348087032
"658",658,8.84139303067579,0.489482619320688
"659",659,0.744523577392101,9.39237753469854
"660",660,1.16669838409871,19.3960971151951
"661",661,0.0299739548936486,254.857547046775
"662",662,1.85090435287895,21.6584006828717
"663",663,0.948849109001458,72.4359943114782
"664",664,1.82401630832794,2.36957454950183
"665",665,1.09883480705321,27.0021145291416
"666",666,4.83955523293893,8.0702489383414
"667",667,1.33167269919068,21.8043799606547
"668",668,1.03369261976331,3.63092154023164
"669",669,0.385999820018289,43.9515090204836
"670",670,1.56242024703863,20.1517068994324
"671",671,2.02564096628668,39.5342326679664
"672",672,0.152295461303712,8.01378123023782
"673",673,2.63489511041882,1.66611805244171
"674",674,1.63166859653911,5.59000878848259
"675",675,0.638200053945184,5.11305987599702
"676",676,1.26422201935202,13.0099834651003
"677",677,2.75576911858263,5.73256140538928
"678",678,3.33361759019976,23.2995572170772
"679",679,1.69517537943068,47.5217225417846
"680",680,1.20851603336632,95.3830616470466
"681",681,3.400519631635,2.7325266286469
"682",682,1.15917094051838,1.17687690142388
"683",683,0.0968598797917366,286.816428445567
"684",684,1.94657438239994,35.3046429606771
"685",685,1.58771106406095,23.3622406343835
"686",686,1.2075921529904,94.5815628835737
"687",687,5.48766488184161,0.217875106912316
"688",688,1.35248906631023,0.83997855340658
"689",689,4.69529503931232,3.61057278707795
"690",690,0.870256268419325,20.0195846685234
"691",691,0.345362256732535,39.1099088865149
"692",692,8.1136401701243,0.0866604166901924
"693",693,2.94175198422871,13.7944191641549
"694",694,4.85745826710887,20.6613664694917
"695",695,1.64694955936613,12.3256628777799
"696",696,0.266329835169017,39.9924626475017
"697",697,2.01463278002086,16.6415451866911
"698",698,0.523053733793419,69.4163574334948
"699",699,1.572317302143,6.51581224897258
"700",700,0.749320624396205,17.0323849049134
"701",701,2.96445759369021,0.151159947908107
"702",702,1.24084308650345,6.47388921975839
"703",703,1.05041876807809,0.84408389927016
"704",704,2.01938130134464,20.9815632470917
"705",705,4.53961617101855,3.43442738222166
"706",706,0.586516300216317,14.4295680541396
"707",707,1.15965644642711,56.1860342495551
"708",708,2.82934914533834,12.0587776251735
"709",709,2.13903159267249,28.0813792061756
"710",710,1.92255900268848,16.9637015073988
"711",711,3.55686941726093,15.404471709571
"712",712,3.17051772011404,7.38531477592539
"713",713,0.45279691554606,104.262609001881
"714",714,7.13861830118013,0.0211479223729298
"715",715,4.27441858102508,1.42110972121902
"716",716,1.11535616591573,45.4525843950513
"717",717,0.287245930270784,63.8544595547673
"718",718,2.03733096263351,3.10402938774993
"719",719,1.02624064297263,22.7068854624294
"720",720,2.83597663889194,99.4347689060509
"721",721,0.965572100132704,13.1455451721114
"722",722,0.933267157343789,61.5864508256816
"723",723,0.978940988868687,124.384022723568
"724",724,1.56349713648667,11.9225285252009
"725",725,0.944686140865088,11.3424190657274
"726",726,4.31072783072419,13.1871167121167
"727",727,1.63269491857829,41.5608028516674
"728",728,2.67923583081904,41.4132915282994
"729",729,0.0538805277886168,56.7538667010971
"730",730,0.350911108776927,49.810423385286
"731",731,7.06764366181025,0.978948245890684
"732",732,0.521163154393435,409.017947901489
"733",733,1.27400733809918,8.9798074297305
"734",734,2.1866276654506,4.056625221742
"735",735,2.91632752103691,3.61714251317443
"736",736,4.74907119174428,2.65335377395424
"737",737,2.18984087548199,33.1496246236054
"738",738,0.435621714319414,3.73449824667491
"739",739,7.30541200521302,0.475758016261636
"740",740,5.88368092443714,0.330438451412059
"741",741,0.55737908896465,24.9410801760694
"742",742,2.60498644216898,1.62253743365115
"743",743,0.808360409922898,13.7304807245861
"744",744,2.57961008316817,14.6892614408827
"745",745,0.00783329084515572,82.6645490697253
"746",746,5.91149748828182,0.338858749354966
"747",747,1.7701002395803,50.6533130543047
"748",748,1.29631956599676,21.1010172645344
"749",749,1.17038145661354,42.8600261319775
"750",750,1.01910877134651,96.578209153015
"751",751,4.26981524725385,2.28173862066757
"752",752,2.94066518900876,6.25326793950682
"753",753,4.71708710960727,5.81624809059502
"754",754,3.69359684718733,0.572706628520764
"755",755,2.38281611344757,2.7117907569653
"756",756,0.0248347092419863,64.7015539779823
"757",757,0.106252782294773,66.3822490509106
"758",758,1.01706888992339,72.7947919557166
"759",759,1.82308456665816,10.0150333050584
"760",760,0.895238625817001,150.02407247298
"761",761,3.31803853086667,18.9810322792526
"762",762,0.0802320226589196,56.7905481139894
"763",763,3.30659407218312,6.76803908978247
"764",764,0.938192322362136,23.4522915284187
"765",765,3.41342903284316,7.65540616424052
"766",766,1.21146971732378,12.3418912554096
"767",767,0.847973725758493,16.6147475779864
"768",768,0.0103897285304312,44.5021043808522
"769",769,2.32025980754736,35.6269218891563
"770",770,0.967868621461093,49.8195399887871
"771",771,1.04834956210107,60.2011747175148
"772",772,1.47207803457024,106.885535835221
"773",773,1.42578141196611,37.4946623436379
"774",774,0.715363239869475,12.3582875401905
"775",775,1.46330021629064,1.73503704528215
"776",776,1.2068932550028,3.34568438956279
"777",777,1.43083427882054,20.4666799904423
"778",778,2.37110453835669,40.3311200428384
"779",779,1.41533299229894,15.3932419062885
"780",780,4.05441648496275,20.1551129046645
"781",781,0.105872038087417,52.2823123504327
"782",782,0.063295504078269,54.3885398041739
"783",783,0.401220778003335,7.96225164084787
"784",784,1.38857101851398,5.55620840860041
"785",785,0.00385507568717003,34.5895346094935
"786",786,0.678418824449182,46.681848674593
"787",787,0.779428427107632,62.1130725642783
"788",788,1.1300412574783,28.0953831283724
"789",789,2.99695425091271,13.6418772230014
"790",790,3.38451955823188,32.9320487895354
"791",791,1.03817164059728,18.7973680765849
"792",792,1.53117995001832,18.0814274950708
"793",793,1.34219558909535,3.59252221400285
"794",794,2.05788925654235,22.4308492057392
"795",795,3.96489573998337,0.474096001985062
"796",796,0.778181905858219,41.293991481231
"797",797,3.42664892582183,17.0515081520189
"798",798,4.52572800566382,0.272537637792141
"799",799,5.99229350652466,0.949902917374276
"800",800,1.38408086635172,31.2680078204956
"801",801,2.37467993973734,12.1177947638154
"802",802,0.125207018682063,11.0168661562094
"803",803,1.01729094423354,20.2597269517417
"804",804,0.423563252203166,7.02406662045465
"805",805,0.113651186227798,57.9948176459639
"806",806,0.387805536237023,46.9037851333685
"807",807,4.33165455426402,1.5793836006239
"808",808,1.7780455983335,69.5539839034311
"809",809,3.4083429610539,4.34657215354203
"810",810,4.48238850732274,0.11147316455664
"811",811,3.66677768597141,10.068379489916
"812",812,4.58688201357551,6.67679519195193
"813",813,3.53593147529249,19.6377487285021
"814",814,3.10331444797998,17.6790503037381
"815",815,2.5215038358325,15.4663557744526
"816",816,3.55082640517584,8.6559233546819
"817",817,5.31918190766997,2.82919075317854
"818",818,3.3152533842433,7.0141688135051
"819",819,1.19145029922507,45.6751641661595
"820",820,4.20815092313151,20.0877077162106
"821",821,1.89964047997239,22.5043158650537
"822",822,0.227557096630335,4.87226411796007
"823",823,2.22225768483224,34.8409368346438
"824",824,3.06488170830493,15.7126997450285
"825",825,0.268541851080954,6.06702033093712
"826",826,2.05908362372758,19.112569966536
"827",827,4.51357249027299,5.76076296673642
"828",828,1.32527971733361,27.7565865905853
"829",829,1.13289566617459,3.56888252421676
"830",830,0.2065370919896,0.0887879940363128
"831",831,0.362704340368509,76.9345845090074
"832",832,1.29585040267557,14.3087519195081
"833",833,0.527541461400688,0.617248111937758
"834",834,1.42036996288954,20.4802307060092
"835",835,2.01675938247683,8.8458497459555
"836",836,3.71201691945826,3.57053730684594
"837",837,0.10373321454972,46.5482765797017
"838",838,0.230746655724943,84.8894889377182
"839",839,2.78270419446957,17.926410512804
"840",840,1.62089071786943,11.3417006229357
"841",841,0.97513142414391,118.247752114864
"842",842,0.527304959667907,45.6520774032499
"843",843,3.67058151461456,27.5288560690361
"844",844,2.41028482458534,45.5208464473141
"845",845,2.07168954051804,5.0588558208087
"846",846,6.76495489444504,0.195977493103901
"847",847,2.86253657175188,6.48753085942784
"848",848,3.35560177994852,15.9777905973679
"849",849,5.02138419796653,1.12354447316409
"850",850,2.61520706667545,0.373485092344738
"851",851,4.2023988549871,0.214886602177732
"852",852,0.248023689724505,187.938147329681
"853",853,2.07848722479286,5.84692214151651
"854",854,0.162569124251604,102.361118713109
"855",855,0.536330614835136,39.7992144896834
"856",856,2.46378709181192,0.138106806767815
"857",857,0.943561373500083,17.9516598949066
"858",858,1.41667088671567,108.03786382374
"859",859,2.63507139674368,15.832856338528
"860",860,8.47087932101553,0.0667681169089932
"861",861,2.35850754558089,3.66306295943541
"862",862,1.22366221714765,141.842961266408
"863",863,8.34601411918059,0.389810907570552
"864",864,1.34604823682457,36.9584901272335
"865",865,2.40100779562237,17.8412974426958
"866",866,2.46828262685778,2.74319407508811
"867",867,0.659424515883587,261.015818847781
"868",868,0.360317984014893,48.8532084579965
"869",869,0.750799338333309,20.0026977364991
"870",870,1.68852909503687,27.424368552999
"871",871,0.359610969152742,20.3920942229156
"872",872,1.95701082228663,9.59219769802425
"873",873,3.40687375498896,32.6919185126702
"874",874,0.858910901471972,21.1746206278475
"875",875,0.11266300547868,33.306635146793
"876",876,2.86190997126468,1.73803007336819
"877",877,1.22458144742996,37.9255248858001
"878",878,4.18908520910812,6.7414450892699
"879",879,2.27730802996996,7.45175403623064
"880",880,0.929120199754834,13.6322209223566
"881",881,1.8872786964381,34.9660085275202
"882",882,1.84626054357338,81.3464992157056
"883",883,3.07699139771943,29.6738721868701
"884",884,1.79366037799957,41.3132764088092
"885",885,3.37421747280245,0.188162568290771
"886",886,1.35788631346077,55.9791790474045
"887",887,0.657229908742011,104.4389065773
"888",888,2.99446561170702,15.2269421215204
"889",889,1.99334887220504,0.192693249160628
"890",890,1.32572087552398,82.8684828241788
"891",891,1.2901564175263,18.4975363457133
"892",892,3.16298744810705,6.56748432480143
"893",893,2.75653187735918,3.95676060563709
"894",894,1.96160281497038,40.6778187555953
"895",895,0.759568647481501,51.816745236936
"896",896,0.867683508433402,107.103434554691
"897",897,9.48683366874113,0.167648266452329
"898",898,5.96626214649449,0.192956620867219
"899",899,5.06696033825107,3.28536774619872
"900",900,2.57688610061052,36.4070755928042
"901",901,0.616766005036283,93.2959851687321
"902",902,0.845880958251655,86.8205135905311
"903",903,3.4406903272677,5.72265138588313
"904",904,0.123636018571902,191.140702475052
"905",905,0.288986854567789,32.4345774725554
"906",906,0.691443307325244,0.86277689875788
"907",907,1.22234959852323,33.0405632712056
"908",908,1.48732383052641,9.60520524976004
"909",909,3.95455362258439,0.854858580189734
"910",910,0.138359034433961,24.3720246962841
"911",911,5.53687319506831,4.31806010337018
"912",912,2.4582544992769,21.0723315581497
"913",913,0.990823698230088,56.7554466700736
"914",914,0.783163991756737,13.7453072801691
"915",915,5.30741978784032,2.73088923962982
"916",916,0.446127173490822,37.5764350296553
"917",917,7.60990430000138,0.0669848997760181
"918",918,0.598848996683955,16.8487787260297
"919",919,0.537122748173651,86.9703379179509
"920",920,1.17228440847248,14.0553848685241
"921",921,2.63586683376672,5.89193810904035
"922",922,1.41308560213985,20.7524747811791
"923",923,2.74072627342286,8.00878890356766
"924",924,2.40142899844012,86.6669637280231
"925",925,5.36064019401498,4.55101160370076
"926",926,1.33036334812641,99.52338396055
"927",927,2.17613771337861,7.20004813946477
"928",928,0.393401932989299,21.5848743742329
"929",929,0.958425991237164,1.00805039239756
"930",930,4.42264550526567,4.66756460999232
"931",931,0.184960187475169,12.7739930709702
"932",932,0.401632130146027,80.3894253753293
"933",933,2.89996534569149,0.971541985311471
"934",934,0.0372493490576744,7.84434121371446
"935",935,2.32269362165573,5.54976784686785
"936",936,12.474211423917,0.00207836319382624
"937",937,6.61588850583801,3.03349371179132
"938",938,0.572582409014106,4.53950383853016
"939",939,0.658482090953474,46.3724289030676
"940",940,0.631344268098474,74.4517450241478
"941",941,3.38571598364,2.44470817994932
"942",942,5.20510296125836,3.69598766475046
"943",943,0.332543140352635,311.164782579009
"944",944,0.484714469428732,12.9333216412718
"945",945,0.31007720091569,58.8426391351398
"946",946,1.079265861772,139.271101917355
"947",947,0.0607101387892212,135.993425919432
"948",948,0.904216220166773,77.0439944165274
"949",949,1.25454634986818,2.55479549965299
"950",950,2.27787546432557,7.18050930624508
"951",951,5.06755015601344,17.4090124180031
"952",952,0.298621161840856,3.59926464099138
"953",953,0.618921654298902,95.5764837572309
"954",954,1.28881910536438,54.746338788965
"955",955,2.42656740130218,12.2869580316647
"956",956,2.90947971476202,16.5260216610425
"957",957,3.41768858362931,2.29818410628562
"958",958,1.13655978649358,9.57648466094146
"959",959,0.267604630440474,6.683300812785
"960",960,0.461908644996583,12.2508738802981
"961",961,1.17920115962625,24.0938925955409
"962",962,1.95826174362338,10.2018978755619
"963",963,3.19895403442864,7.42885551791755
"964",964,1.22984338179231,6.85420531491729
"965",965,1.53918776688181,30.7576849490311
"966",966,10.1177715988536,0.150847573092879
"967",967,2.87963651151048,7.26215216313966
"968",968,2.98920568434482,5.9016904713608
"969",969,6.58675023879776,0.735976277321655
"970",970,5.71598534252415,2.5569278566173
"971",971,0.247968436041178,7.903274918539
"972",972,1.56407809475568,16.8834988411118
"973",973,1.85078714576669,25.1886766096468
"974",974,0.804985733702779,14.7290783738532
"975",975,1.36213965900242,79.8313543538032
"976",976,0.446425084282684,2.62590157196393
"977",977,6.24066594209442,0.569411294187401
"978",978,0.768690680288472,31.4320126299138
"979",979,1.06531979236752,12.4941558005377
"980",980,5.25844450642295,1.65381330825971
"981",981,0.992065950296819,68.2954740217339
"982",982,0.0106309307384946,7.84497558883481
"983",983,2.64201962566915,3.26610382481532
"984",984,1.15505355875939,183.627719193472
"985",985,0.123880534032579,223.185863226492
"986",986,6.34197117354641,1.26676548180086
"987",987,0.0597349526360631,211.650650081329
"988",988,6.62289440598259,0.416162656998968
"989",989,5.01315916676946,7.01891593868344
"990",990,0.753302086144686,58.921146922004
"991",991,5.7748436030365,2.06186414457434
"992",992,2.43889942274603,22.9880753496054
"993",993,2.4459944962615,10.4768866412808
"994",994,0.462219275534153,15.1486264477128
"995",995,2.1461875642741,11.8642677013107
"996",996,0.12911509629339,144.887613521541
"997",997,1.46636721669676,3.15933645846005
"998",998,0.291442489251494,125.682584774893
"999",999,0.0783073569594971,88.7903753992211
"1000",1000,5.42652293641992,0.0615708141706976
