"soil_moisture","plant_height"
28.7577520124614,15.4760367372532
78.8305135443807,39.9247088855423
40.89769218117,23.9890236746973
88.3017404004931,47.2774621541561
94.0467284293845,46.7596144086992
4.55564993899316,4.13510379322265
52.8105488047004,27.0613526682154
89.2419044394046,43.5148256138894
55.1435014465824,29.7969309200734
45.6614735303447,24.7119192012844
95.6833345349878,49.6956133662243
45.3334156190977,24.9909366222507
67.7570635452867,37.2022295192382
57.2633401956409,30.9400663545455
10.2924682665616,6.22158036897052
89.9824970401824,45.8890496422093
24.608773435466,14.1066825281712
4.20595335308462,4.56800215641074
32.7920719282702,16.836515435082
95.4503649147227,49.4487191540978
88.9539316063747,47.9278666934392
69.28034061566,36.4777501709782
64.0506813768297,32.9777096870233
99.4269776623696,51.2995710785465
65.5705799115822,36.4572627738341
70.8530468167737,38.2515893502081
54.4066024711356,31.0583149356902
59.414202044718,31.9157478081016
28.915973729454,17.0733995094626
14.7113647311926,8.51799699707409
96.3024232536554,51.0592676302232
90.2299045119435,46.3554519426879
69.0705278422683,34.4044156640906
79.5467417687178,41.9653603328851
2.46136845089495,6.14946105204463
47.7795971091837,27.0911700639514
75.8459537522867,41.6708569610628
21.6407935833558,13.3586803763177
31.8181007634848,16.9962146142681
23.1625785352662,13.2779279849677
14.2800022382289,8.73012895889657
41.4546335814521,22.0242671210529
41.3724326295778,23.7424672406835
36.8845450924709,18.6462272926874
15.2444747742265,10.9217865852824
13.880606344901,10.2365319017894
23.3034099452198,11.8537714340068
46.5962450252846,26.2573605094931
26.5972640365362,18.9439719967849
85.7827715342864,44.0555625442308
4.58311666734517,5.55891469578469
44.2200074205175,22.9367009418296
79.8924845643342,43.6123094094713
12.189925997518,8.46970007864885
56.0947983758524,32.5252722753609
20.653138961643,10.1381133880161
12.7531650243327,8.29963568297831
75.3307864302769,38.8750054509501
89.5045359153301,46.4563706540506
37.4462775886059,19.7787706802739
66.5115194628015,34.0049943605983
9.48406609240919,7.61011660812927
38.3969637798145,19.5671108187919
27.438364457339,17.9452286260039
81.4640038879588,40.9526920660088
44.8516341391951,24.5774357966905
81.0064353048801,43.3027015826798
81.2389509519562,43.499578484617
79.4342321110889,41.2644960597449
43.9831687603146,24.1108373731499
75.4475158639252,41.1656541596771
62.9221131559461,31.2763577023584
71.0182401351631,36.3365105002834
0.0624773325398564,2.51184213774484
47.5316574098542,25.0986557374216
22.0118885161355,15.0609502490243
37.9816537722945,22.0007076811795
61.2771003274247,32.7468002923345
35.1797909243032,17.3282594858466
11.1135424347594,7.59592155536908
24.3619472719729,13.706349833691
66.805558744818,35.2492596021281
41.7646779678762,21.1100001433546
78.8195834029466,42.1577787672182
10.2864644257352,5.58479755240704
43.4892741497606,23.4053041027167
98.4956979984418,51.8199877433979
89.3051114398986,45.4772820364297
88.6469060787931,47.1979401479167
17.5052650272846,8.77786691116477
13.0695691565052,4.32012255981177
65.3101925039664,35.352548238162
34.3516472261399,20.4366333535114
65.6758127966896,34.4091382629577
32.0373242488131,18.774851506294
18.7691119266674,9.65068117570819
78.2294301316142,40.9239921555686
9.35949867125601,3.76747177156708
46.677904156968,27.1107234156418
51.1505459900945,30.365139287362
59.998895926401,33.6104663536235
33.2823540316895,18.6001565662241
48.8613033667207,26.3806561699465
95.4473827499896,47.4495899402682
48.29023971688,27.3306978742724
89.0350222121924,46.2014098350585
91.4438186911866,46.7367949575517
60.8734982321039,30.3187104270645
41.0689776530489,22.0848450815551
14.7094690939412,8.08114284444551
93.5299803270027,48.1694443830096
30.1228899974376,15.2350450170734
6.07205715496093,7.56741280189901
94.7726940037683,49.3623432110722
72.0596273429692,39.6422312873932
14.2294295597821,5.2121652745046
54.9284656066447,28.7844360583301
95.409123855643,48.6913384904334
58.5483353119344,29.4397783869183
40.4510281747207,24.5454278186965
64.789347932674,32.2717510866828
31.9820617092773,18.4686162452507
30.7720010867342,18.6556549717367
21.9767631264403,13.2556668458472
36.9488865835592,19.1615600755363
98.4219203470275,52.6227088836
15.4202300822362,9.96599716387937
9.10439998842776,4.95695313464081
14.1906907781959,7.01327181769484
69.0007101511583,39.6304312273189
61.9256483390927,31.9450694514187
89.1394117148593,43.7863483765526
67.2999092610553,36.4498436746581
73.7077737925574,39.3192322803701
52.1135725779459,26.026034785389
65.983844967559,32.0774878634066
82.1805460145697,42.9158192315469
78.6281551700085,43.0231720225684
97.9821917368099,51.9452819211782
43.9431536244228,23.2321706759685
31.170220207423,16.3338277563349
40.9474952612072,22.8803477657294
1.04671118315309,2.75938561240078
18.384952400811,12.1370438204446
84.2729318886995,43.5427690189164
23.1161782052368,14.907120182423
23.9099955651909,12.7087804915911
7.66911653336138,5.33874121650074
24.5723678031936,15.3974056871857
73.213520552963,40.0917176894222
84.7453165100887,41.4649012028643
49.7527267085388,27.0371489647936
38.7909029843286,22.3086200097662
24.6448994148523,12.1462132371902
11.1096461303532,8.27576146498943
38.9994435245171,20.2574603566634
57.1935313986614,32.1271452175774
21.6892762808129,13.6523611885604
44.476800202392,25.3919785436894
21.799066872336,13.0806124300985
50.2299563260749,28.4104508142741
35.3904571849853,21.7660003849644
64.998515881598,37.4486299639824
37.4713956611231,20.693105248438
35.5445380788296,16.3986924039162
53.3687945455313,28.7316862796566
74.0334360394627,39.3250598324063
22.1102937823161,12.8221288704415
41.274611861445,23.4897388618881
26.5686686849222,16.8003512892325
62.9973053466529,32.7216790280747
18.3828490786254,10.7502815485786
86.364411143586,45.7789688849935
74.6568004135042,38.5030645945184
66.8284649727866,35.5511335616257
61.8017873261124,29.9583322647282
37.2238060226664,18.9320534292368
52.9835685854778,26.5001510793327
87.4682342866436,44.4536815982309
58.1750099780038,30.0475481971059
83.9767764788121,44.5618459532256
31.2448164913803,19.0955777494741
70.829032221809,36.3234408172732
26.5017806086689,13.7556318307675
59.4343194039539,30.1546264134927
48.1289800489321,25.4426069349206
26.503273146227,14.8930929708847
56.4590434776619,30.9549480395884
91.3188223028556,47.1774238881752
90.1874389499426,43.9759855716813
27.4166621500626,15.5711796617061
32.1482756407931,19.8549180363739
98.5640884377062,53.0694461216186
61.9993310188875,31.8162206822769
93.7314089154825,46.5440396422849
46.6532702324912,29.0137258540435
40.6832593260333,22.0979967492975
65.9230324206874,34.8153393351853
15.2346616843715,10.248192125233
57.2867058217525,28.2222937259476
23.8726026844233,12.8439726754247
96.2358936434612,47.8072832137956
60.1365725975484,31.0286443777583
51.5029727248475,27.9297605119306
40.2573342202231,20.0816029231312
88.0246541230008,46.8973010805514
36.4091864787042,20.6386092825781
28.8239280693233,15.0556414962307
17.0645235106349,10.871749168889
17.2171746380627,11.7307090627721
48.204260552302,27.6937731560436
25.2964928513393,14.3289740076998
21.625478961505,12.6722842898859
67.4376388080418,35.588748201548
4.76636274252087,6.545374005343
70.0853087473661,38.7302622121
35.1888638455421,20.8460342744066
40.8943997928873,22.0161886966826
82.0951323956251,43.6074283490622
91.8857348151505,48.5478029044063
28.2528330106288,14.5639065638804
96.1104793706909,47.4627829123643
72.8394428268075,39.3824664548812
68.6375082004815,34.0247883034701
5.28439427725971,4.64472267135617
39.5220134640113,22.1363784640281
47.7845379849896,26.7380700779536
56.025326368399,30.2968025404717
69.8261594865471,35.8137990338279
91.5683538420126,49.2637257108495
61.8351227371022,35.5255120189105
42.8421508753672,24.7428436510718
54.208036721684,26.1885420088561
5.8478488586843,7.02328870744657
26.0856857057661,14.9587589336036
39.7151953307912,22.6449690843745
19.7744736680761,12.8202866878446
83.192756283097,43.4513490317384
15.2887222822756,9.53146634466469
80.3418542025611,43.6996627052769
54.6826156554744,30.4087107114665
66.2317642010748,36.6012754696038
17.1698493883014,14.1593147369962
63.3055359823629,34.6493917867226
31.1869746772572,17.9045590747066
72.4554346408695,34.9117676545713
39.8939824663103,25.9845622380243
96.9356411136687,49.7438053241399
96.7398370616138,53.93202060345
72.6702539017424,38.8970923028787
25.7216746453196,17.168482621005
22.1787934657186,12.924831251095
59.3045651679859,32.4194887160401
26.7521432135254,15.6970085762261
53.1070398865268,28.2743388942031
78.5291671287268,41.0839928274297
16.8060810538009,11.9222920306668
40.4399181017652,21.9177718304254
47.1576277632266,22.5222901399521
86.8106806883588,45.1115064709347
92.57079558447,49.0950837005394
88.197755930014,47.0235615395341
67.4186842516065,36.6341938520194
95.0166979338974,46.9701966856451
51.6444894252345,28.375357799634
57.6519021298736,32.2777398798574
33.6331205908209,20.7314283176119
34.732463140972,19.0287896639198
2.00243005529046,2.51837614837103
50.2813045633957,29.3724090295149
87.1043413644657,43.0502786135638
0.630078394897282,1.65979423207895
7.20571239944547,6.28904931875892
16.4211224997416,7.78390060179897
77.0334074273705,40.9361455073329
73.5184305813164,41.5760113222365
97.1875635674223,50.5876908035567
46.6472376836464,24.9059378043778
7.43845133110881,6.43159323660549
64.8818124318495,34.0222979597438
75.8593169506639,41.1497590364506
13.7106081005186,10.2119572469338
39.6584594622254,21.8332672229579
22.4985329201445,11.4842282234477
5.79585605300963,2.92059693531618
39.5892688306049,20.9051383668195
6.49282999802381,6.44248574983666
22.5886432919651,10.3570138839972
5.462910910137,1.90196771696968
67.0282039558515,34.5334322407856
29.7741782618687,17.4786814029052
10.0721582304686,5.66573004298683
7.19040972180665,6.92532841654741
88.0440568784252,46.5220833944454
75.4247402073815,39.4564106763329
81.6605887608603,44.0585365852278
98.2140373671427,51.6895664278004
10.3599644964561,6.51107970740981
9.90418293513358,7.29876386919403
79.8831611173227,42.9128505956278
78.4575266530737,41.7631883438299
0.942990509793162,1.48447994297236
77.9065882787108,42.2360974469517
72.9390651918948,40.1989369342853
63.0131852813065,33.9210044754683
48.0910829966888,26.2616984920377
15.663685137406,9.71840494753324
0.821551983244717,5.65289976107654
45.2458394225687,25.037393009488
49.2293328745291,26.3772253942146
38.9587111538276,17.7174788736179
46.4665941894054,22.8853744471569
71.3279000716284,37.5474402348983
5.53019263315946,5.07453738384438
35.4783097514883,20.1544635640366
80.2812272915617,43.3728738164538
83.5708837024868,43.4942132372627
23.7749404972419,15.7093534403448
35.3986102622002,18.3170310667957
85.6885420158505,43.0316069272607
85.3763373801485,42.8446894237435
29.5895455405116,17.9082183065356
14.7048324579373,9.22803631545981
70.3992061316967,38.3843299485791
10.3806688217446,6.78877477853668
3.37277729995549,2.79855049665852
99.9404527945444,51.4176975345824
3.48748040851206,0.964814967893434
33.8391283759847,17.1651412973712
91.506376164034,45.5901361124793
61.7235269630328,34.4432468894794
28.6285348702222,15.4182722980669
73.7797403009608,40.0740599296657
83.4054309176281,45.977451361352
31.4270780421793,17.4258768074248
49.2566547822207,27.0541457506389
69.7373766219243,34.2420870318681
64.1462353989482,32.8451130331944
64.3922914983705,34.2804680232595
97.7853404823691,51.3413005961888
41.4735334459692,21.5976695470363
11.9404779979959,11.9975274978382
52.6029660133645,27.6138977980437
22.5073350826278,13.350032876259
48.6411764053628,27.2952760034117
37.0214798487723,20.4717119722252
98.3350180787966,50.2021579588576
38.8319115154445,22.9839142536672
22.9244840331376,15.8855600013796
62.3297546291724,33.1203363580114
13.6540197068825,9.67041087154587
96.7469494324178,50.2273559684549
51.5071807894856,29.278273221296
16.3070329232141,8.41926537021729
62.1902295155451,36.5764050937643
98.5954165225849,50.3924113896099
66.8771517463028,33.2503017514943
41.8915896909311,22.419418104676
32.3344993172213,18.3873123848282
83.5255319951102,46.1981978090755
14.3817043630406,10.5576666966773
19.2815946880728,11.8544849921051
89.6738682640716,44.7527088460536
30.8119554305449,16.1069210982643
36.3300543511286,19.9200997772204
78.3946478739381,45.0268631071599
19.3378679919988,8.87859263467177
1.77658118773252,4.58487257163529
40.6607866287231,21.5395419285107
48.3167669270188,28.6573698134905
42.1844950178638,21.3834465489718
34.2808801680803,19.3558749360343
86.6483314661309,43.6748393205113
45.5108050955459,26.1106771873155
53.3764873631299,30.9139129146721
96.3843331905082,53.1182481048558
77.4591542081907,41.9259780904796
20.8876348566264,15.2087168101799
30.8786832727492,19.3089774993671
97.1342450240627,50.3693101442953
58.4900093497708,31.9605605323125
76.0823625372723,38.5831899514222
37.2709394432604,20.3576664675287
76.9193911226466,42.2911411238466
53.76771830488,29.6957853676635
91.3995449664071,48.3858084806416
18.5296441894025,9.70762553517042
28.2218417385593,15.2041510237785
9.49624131899327,5.60121163886628
21.0487079108134,13.1172977604269
97.7098996285349,49.3691883685676
29.6302175382152,17.6581708542562
72.5983026903123,36.6245267272558
78.568783425726,44.027187400066
10.5417746119201,7.96177433017721
23.95946290344,12.9282260333401
27.0544872386381,15.8888125180709
10.105849406682,6.52424490449904
11.791384126991,8.452414003135
99.1236555855721,51.9271268709265
98.6054297303781,49.7815436061968
13.7067471398041,7.66640275167283
90.530958166346,47.7148696102823
57.6301837572828,33.2736697417687
39.5448859082535,23.3993684671331
44.9802484130487,23.5532729960972
70.650190114975,38.5639794099587
8.25027457904071,6.05228476038592
33.9312580181286,19.4175994866419
68.0787551216781,36.4299197969439
31.6949248081073,21.7106370496387
83.1568598048761,41.8004966865572
21.5172082651407,12.9099839210896
49.7948936186731,24.2274808773851
27.6049672625959,16.6872375157361
19.2023318726569,13.2460786439106
95.0621264055371,51.6995565644203
32.1725537767634,15.198559010626
47.8456383803859,26.541973435984
2.79925719369203,5.78968352392149
54.7459468012676,28.7519496060703
64.4240220542997,33.8937852290269
59.6263544633985,31.7583713983921
32.1937375701964,18.6443969122477
89.1114312456921,47.553455436465
62.6256947405636,35.289578695849
30.2904915297404,17.0020143792027
38.8204663759097,21.7046502561636
16.0475092474371,13.7557514395508
86.2551897531375,45.7742432687413
95.3101213788614,49.9381903534254
56.3644683454186,28.1688694847841
32.9547413391992,18.481654741033
99.6617218712345,51.4988717058669
23.4819675795734,13.7244150450726
61.2671965267509,31.7704718014687
10.817852942273,6.37870299247246
48.7032569944859,25.2704680495127
9.9445823347196,6.65053439426014
16.116576269269,12.1104871066774
28.2992870779708,17.7232734788244
58.3872335962951,30.653654121233
73.1707658851519,36.0565082607678
16.5520911104977,9.00917041244493
86.6467763204128,44.6367473603456
70.8574137184769,37.5841638655809
76.039953622967,39.0260658979323
14.7084108553827,12.3642264639392
35.8056963421404,19.4944468694427
67.3332481412217,33.8457073652516
52.3822601651773,27.9792374466649
34.9801792763174,17.9820232657686
24.0530701586977,14.2607686402618
5.81917962990701,5.26004023608831
23.6619742121547,14.3643685235199
89.0077913179994,44.0711082703134
81.182741606608,42.92243773976
74.7516322182491,39.841491229937
15.4911725781858,7.61392361783617
12.4742088606581,9.67015288992467
97.4725808482617,51.9125467427724
43.6129996087402,27.2559288461018
46.4016626821831,25.4358858221551
16.529808123596,10.335004353075
58.4936557337642,31.3917066180057
27.077801944688,15.6435503186944
23.0096920393407,10.7321368566639
69.1207831492648,34.053700986669
28.2852399628609,16.0263115312437
81.0398066183552,41.6483022383279
9.39166070893407,6.77793514205317
82.2030071169138,39.9346909985661
42.7428280701861,21.1233666533029
75.5887259729207,38.1421378280522
66.2385506555438,36.5983626593623
44.4527396932244,22.578634835977
62.7146184444427,32.1580382918566
0.0465349061414599,2.14307818108181
21.7243514023721,12.3780561584484
70.4872245667502,37.4632380513771
21.5166488196701,16.2159173829036
81.3933721277863,41.0097805570058
30.7763874297962,16.9299892550334
68.7742685666308,35.6119951086998
93.2681079022586,50.902647091378
11.5779664833099,6.63475585731952
12.7705687889829,8.26215403882789
67.8223857423291,37.0918932926486
42.894859588705,21.8595439904299
83.4400977939367,46.2028126205814
97.1438066801056,51.5855469632642
7.04889777116477,3.91313897128686
45.978519320488,25.6711263738306
70.158511842601,36.7592952064509
8.69401679374278,6.81685155486289
99.2944016121328,51.5122380105429
25.3098994027823,16.2607237565587
4.95384356472641,2.4502712038082
68.6324946815148,35.5323222949635
78.6927352659404,40.9725816163371
35.3606075979769,18.1866057117115
36.6441444959491,18.7621396823253
28.7100130692124,16.3280361737412
7.99729123245925,5.80038291694452
36.5454269573092,16.448699316529
17.8013814613223,12.4615509142402
53.6053720628843,29.1772746354199
50.3948712022975,30.8217466608712
94.5035103475675,50.2795525308604
34.1321283951402,18.3956252341271
46.4713774155825,29.4317754282284
8.25311816297472,10.3748981173606
86.0106846084818,43.1772745798056
39.5660639973357,22.486579932601
73.5899350373074,38.4780971407055
17.1743405982852,10.8677470189736
45.4761631321162,25.0793956589113
77.0204759435728,38.6173872774828
6.26499983482063,5.56088428777416
81.5081495093182,45.3779457993718
30.1142524462193,16.8109912169075
36.4671027986333,19.989161333269
31.2112791929394,19.7034976059759
3.73699648771435,5.2160926048816
51.880492339842,25.4675039423491
67.9013415705413,36.2935062451639
90.3233560267836,49.6419988654084
2.55266984459013,5.39924944717378
98.9078270737082,52.0838409425754
30.2887624595314,18.2262124404351
93.9138400601223,47.1615172117781
68.7607581727207,36.8305764366824
44.7036994853988,22.9201763399177
81.6478138789535,42.1368798373313
3.94991978537291,5.37836541835586
73.9031685516238,37.2462446082752
34.8719493718818,19.8363520622505
82.9250823473558,44.1050392328852
53.5541391698644,28.8594375396916
27.4545363616198,18.460551413563
80.0948211923242,40.5138896032992
9.1644694795832,7.491430131945
83.2107774214819,43.4719928595649
27.6855072472245,15.4515052578613
75.3110099583864,40.3516418299718
96.4152570115402,48.6770276197442
8.14665600191802,4.1031516261814
85.4364746483043,43.976516010927
80.2238217089325,44.7395465790994
38.5173604590818,21.3423273914597
32.7597399009392,18.8770215478114
20.4938702983782,11.9621651926728
56.938266265206,31.1748722305338
88.8055190443993,44.9752402076739
52.9714091448113,30.2225702722586
58.695865678601,32.2249907296625
66.5735142538324,34.0770778928786
52.9892458580434,28.5764527977397
50.9842899395153,28.5666423990063
1.61604809109122,3.64462051862751
4.77099849376827,6.60840027069946
92.9350682534277,47.5480524943716
76.9285538699478,42.1384818582095
20.1080616097897,13.6088528198067
65.0261500384659,34.2693503213786
65.3766682371497,33.224444079342
39.5253761438653,20.1289702856059
81.2304828548804,43.3019218643577
54.7023417660967,29.244480782467
88.5132651543245,48.9252865774394
55.3313987562433,30.468406318866
90.6048111617565,46.744488268133
58.7461367016658,29.8347549780872
42.3463650979102,22.2995800370472
94.9585322989151,49.9935987388035
70.9037903463468,36.7754932025884
41.330540808849,23.4366155847706
1.83640837203711,2.41669710776388
56.6734082764015,30.178364275009
49.0063453093171,25.4074081454468
87.867402122356,48.7912664385411
81.2852687900886,43.1415669922499
85.4099977528676,45.050949337183
36.7895947769284,17.8570037661381
87.3949912842363,46.6871834914421
15.1338171446696,8.03147318901523
28.181166970171,14.7533011235541
66.6705157840624,36.7127696485637
97.7383576799184,50.1901278701969
58.2739736652002,28.5144284125953
52.6590079534799,30.984360141574
6.07822248712182,1.47300085547213
96.9038863666356,51.3111604781072
12.0237128576264,9.5377303024401
8.83633010089397,5.47171325045618
88.0764114903286,46.7046363222816
50.8370629744604,28.077227069813
33.7494997307658,20.4356845947547
89.4334625452757,47.4428803545666
3.19716280791909,3.23125573532076
23.7229697406292,15.2354729572249
68.6490351101384,37.5254510898338
22.5818423321471,11.8860676148698
31.8494588136673,15.8235482558401
17.3983816755936,10.9396071477865
80.1429583691061,41.6605356223903
14.628205797635,7.83579422997406
82.2717391652986,43.2617656019219
33.0997828627005,16.5698966416199
37.4169387854636,20.9503089197211
62.9745423793793,32.5498786083768
9.66337430290878,8.26743356274311
2.19937153160572,6.73641947754516
99.3044780334458,50.2782701511927
58.3938845666125,32.7834385397207
78.1823065131903,42.3288778482476
89.1896122600883,46.4895147935861
75.4865453578532,39.0628031178411
97.9203730123118,53.3231480664121
4.41470679361373,1.1991666694525
90.340088470839,46.205252048029
86.5500814048573,43.119775536942
77.5407591369003,42.8633497268693
37.6816416857764,20.5547656939209
4.2108048684895,3.31839563504025
36.4411081653088,24.9966207937539
27.3751269793138,15.6125075878255
85.046748071909,43.8577500681547
36.2401712452993,20.5698834978539
30.4477790603414,14.8712525990383
75.9135339409113,40.6922209344637
84.4834624323994,44.0974864145797
45.792156108655,25.5988657381227
72.963166446425,37.0080272693057
10.4078636039048,5.66945603873051
21.9983177725226,11.959036891347
95.3951247734949,48.5455780271083
75.2037541242316,41.5504520121412
81.8955383263528,45.3164875058886
41.7777101742104,22.6535171575466
59.3838493106887,31.1535198144673
79.8823557794094,41.4476196440722
88.8408650411293,46.5242872373442
38.5191593319178,21.4049360165105
9.03220842592418,6.95115579461045
62.5743637094274,32.1671634431443
74.5636217296124,38.0114662815757
8.5378457326442,8.06453936194123
30.0517611205578,16.2029395186239
61.4562157308683,33.1826764082723
75.2932057948783,39.5611470967342
91.705713304691,46.4160825641195
47.5750505691394,26.674118148687
56.7119466140866,30.6156306172827
73.6620346084237,40.9306923385306
85.7447424437851,45.048560598833
90.9146504476666,46.960006586532
5.63822253607213,5.23655363799411
50.2908304100856,25.3670277314898
35.0544773042202,18.2733975720197
84.5556122949347,45.0432160241765
80.6435163831338,41.822076839731
11.733122728765,7.76761994485381
71.2686554994434,37.4614951855888
23.5268858028576,12.787673973267
7.49567511957139,2.71980457116207
93.5646147234365,49.3055598169832
15.7167825149372,11.0008505189389
64.7057350026444,32.419793148297
17.3517746152356,12.8994913853057
2.00740091968328,3.58143269537249
52.1313846344128,30.0781527596972
8.62778932787478,4.87813895707396
28.3002346055582,16.4002892353105
42.0434901025146,22.8717241128491
58.7278124177828,32.5166673567141
80.6694429600611,41.4709321281615
20.1995208859444,12.0846139350435
45.9424671716988,22.3032448627335
44.8143113870174,23.2407235292029
73.3747758204117,38.8749387357035
71.4754810556769,36.6782582892561
83.1221978878602,43.4957447152129
88.6566120898351,45.6264170840297
95.2644573990256,50.542623903755
55.0616721855476,31.2835685558982
52.2335766116157,26.8830361865966
17.0698255300522,10.074357927134
47.9271559976041,28.1232198863567
25.3820796497166,11.3926549435827
3.97806370165199,3.50927516321489
63.4800509782508,36.8370819153404
53.9560914039612,32.268430805577
14.0103549929336,9.24007048149201
28.3711776835844,14.8901754158717
58.3030595211312,31.3997158898013
16.5025892201811,9.27213301617002
9.63011106941849,8.99428145814647
42.8613091353327,22.2209305841118
35.5761565733701,20.3474456794982
84.4933539861813,45.1764521049437
26.0132473660633,13.8703584419879
2.3144492181018,4.43451163131017
86.2399539677426,43.9980820274968
33.4587961202487,19.6747578046053
63.1788871716708,35.2344360354907
54.6426258748397,27.8386485538451
37.6444493187591,22.484217220849
18.5873015085235,10.5593514474431
42.8940591169521,23.8885596411315
63.0773598561063,33.8414361364863
52.0842351252213,27.4013229831034
65.9621337195858,35.3832211647896
72.9360931320116,36.62240017787
48.6822873353958,26.1369383594205
38.4456615662202,22.4615170306079
0.683350884355605,-0.919511531666168
0.368422758765519,-0.0476779016546227
99.4936440140009,50.003915670605
10.7886880170554,5.01070946730955
41.866915835999,23.562832476944
71.7884546611458,36.4048348059389
74.2539132246748,35.8801359843439
87.1998823713511,44.6435880380549
60.7867961050943,31.8074451753349
75.6203351309523,41.0953457761433
84.7241298062727,42.7064366991381
61.2779648974538,34.3809163323349
79.3224167777225,42.2587524623042
2.28546834550798,3.68626240920731
41.6914549656212,21.5669389773389
87.4882387463003,48.6746211929972
64.7347015561536,34.1209445299311
92.4478986766189,45.486602962042
17.2225096030161,10.3054700944193
31.5812789136544,14.8889733507291
80.4256279254332,41.7470487890366
98.8963411189616,50.8148300546964
32.2385551873595,19.1420221292848
0.119162839837372,3.57382569852492
99.2170619312674,50.519373518282
14.8352391785011,10.6267828918131
4.93642971850932,6.6046995237578
59.7353482618928,30.6914581236824
32.1328443475068,17.0878156240044
52.7929000323638,29.3726175609124
79.5422020368278,42.0456729733298
6.89325968269259,6.26979228201272
69.502069731243,38.8580613074428
94.8631507344544,50.0122000465918
27.7769317384809,17.4660177745035
24.9406585237011,15.4046874553564
15.9435480134562,10.6222045914414
7.16300560161471,6.16062945808398
55.7437583105639,31.8088641119691
48.983705160208,24.988462769538
49.4292361894622,25.0568440009949
88.8371585169807,47.3064982635862
3.67043598089367,3.65568349424716
20.3743813559413,12.2981984954981
51.3781139161438,28.800973023829
23.6339889001101,14.9469370218287
57.5435669859871,30.3777777379509
48.2257911469787,25.6440797699937
56.9352688733488,30.5780323501862
14.4152315100655,10.8021424389749
14.5708762574941,9.92446885876555
41.2283112993464,24.763666915908
68.30102824606,36.1390588174
65.3427820419893,36.3598924288258
91.5986333042383,49.123820118645
81.3113132491708,43.5737818159355
67.589000123553,36.4165511219442
80.7499109301716,41.955131869372
12.8064419608563,8.23966471667431
25.0778533983976,14.8830199427615
33.1546991597861,18.650682915912
40.7269289949909,23.7783012000748
63.53675769642,33.6044031634303
80.8612044900656,42.325036862651
25.8801201358438,14.2135814365734
81.9467139896005,42.7658525019853
1.54776689596474,2.6707349845266
65.4400766594335,31.2494346688677
81.1719584278762,40.5387316681166
46.1368926800787,24.9597159751114
20.3417101642117,11.7729294198091
1.87682171817869,1.13710686677819
28.3132697222754,13.1693275970732
91.5272625628859,47.2320774515728
93.3696520514786,49.6650696742807
54.2531613726169,31.7864386341998
21.9422545982525,12.9134421085622
48.9427804015577,28.7111674617204
80.1148736150935,42.1819700440007
40.763065777719,22.5548310452489
10.3711566887796,7.67281631441292
28.056517476216,14.7223928702166
36.1466220580041,19.9957337096597
25.9244841057807,16.3249136010787
47.068183356896,24.4095029981697
36.5845473250374,19.8098645576868
12.1272054268047,6.34194658771348
4.6993680531159,4.88121232123198
26.2796304188669,15.777014883017
96.8641167972237,51.404579425448
48.8495482364669,24.5950590709581
47.7822029730305,26.0519540386474
74.8792881146073,38.0235575198289
66.7640231316909,35.3814345927714
4.94155967608094,6.48471571804959
69.5105244405568,35.999974289877
36.3261566730216,21.238103317919
88.4133607381955,45.0821774929722
77.5297229643911,40.0470691665201
13.9203641330823,9.61826469242109
29.5009271241724,15.7317951563994
12.608278542757,5.74969201866036
58.990162378177,33.3928338419085
56.1675608856604,30.6243162996499
68.8721120124683,35.560596845394
31.1270809033886,14.5724222706984
60.5586841469631,35.1326567305805
99.1034318925813,56.637272178198
74.3204915197566,39.4714663709115
7.58571303449571,7.06756648851464
45.1168906409293,26.3952857885759
5.35369345452636,3.62414007695527
33.955551404506,18.4509813579182
73.395214881748,36.1069258859062
0.410694046877325,1.10047967503085
77.1909482311457,41.529088789902
46.2975211208686,24.712686576573
72.0840350026265,37.7207002000386
66.6505717206746,35.1564465330835
57.2073720628396,27.8081855576764
70.3812950057909,38.447092404243
65.722106047906,32.6958136905499
28.9352145045996,16.1547520086763
9.72394556738436,6.20412759060394
96.2421321077272,49.7931753285793
73.6334029119462,41.0066503730768
61.2723468570039,31.7630835516289
11.9928880827501,6.82179764780723
55.0259046489373,27.2334713320529
26.2756277807057,13.929266767936
89.8360831197351,45.168764498816
0.917994580231607,3.07091658448825
23.6234935931861,12.5172404275813
13.0044595338404,8.95829281946241
32.6233146712184,18.0920161038373
72.639888827689,36.1696011439783
99.1745235398412,50.4013500913365
71.5133527759463,39.0843450705596
50.4439810989425,28.5766046784031
43.6047671828419,26.8107435028719
94.8825250612572,49.4358920680289
12.0181487640366,5.76533416104509
7.51451766118407,4.6046332900693
88.9021492796019,47.0638073970612
42.4452095059678,26.072809255326
4.23606787808239,4.28304762420078
64.7442143643275,36.0826874198564
46.8619162449613,26.5830800795191
61.7926123319194,31.1441687327837
27.0815432537347,15.2841026484701
15.7295286655426,11.8226566372928
11.4254270214587,9.02685767512324
50.7682863157243,28.0798373702138
54.8032287508249,30.1172857434778
14.0646189451218,8.29520152224678
16.976905008778,8.50937453437269
76.1985323159024,42.0424048441982
52.7394940610975,26.2394177930484
86.0989357577637,43.6411239993231
67.355498787947,36.6211968827533
1.30410296842456,0.758759660127878
69.3198901368305,35.8321394485061
89.171373215504,44.8114873475783
63.185017532669,34.5235041029279
10.7294654939324,8.03420227192333
92.1065203845501,48.6860872321856
67.5362381152809,36.4318162158589
14.8593712598085,10.2655542494727
74.5341842295602,40.2261268527359
94.2598861875013,46.1769507587393
42.0783375622705,22.8159442390954
29.7723078168929,17.0548496272743
25.9426670148969,16.0583478114201
22.2881316905841,11.3628367312841
56.5654343459755,29.5333168882639
75.6650132825598,38.2220421551532
66.9603545917198,37.0660376149244
54.6522794291377,31.2447485893829
81.1463657766581,43.7546979763679
75.9166802046821,38.1247350284755
2.00684661976993,3.68135148498995
38.0903700133786,22.7708587862607
5.08801136165857,4.79591715193397
79.7902937280014,41.0459828646568
92.3699213191867,46.5557832986763
54.2598370462656,28.1319643297926
85.2364600170404,45.6905025424442
58.3562863292173,30.5306515140357
66.8323643505573,35.7576045851888
51.1314596515149,29.5081485192629
76.2750589288771,41.0050318751427
90.336228790693,49.2151235675568
82.0474512176588,40.4713559048388
7.1431849617511,5.15057806130486
0.389634305611253,2.29241918204392
5.21986158564687,5.47781473023621
86.6560179740191,43.5741990547161
57.6245168922469,32.0215357292944
31.3842572038993,18.1532137161932
95.9465783787891,50.3689982098016
59.1193757019937,32.3224150384044
53.1409335788339,28.3959291296015
38.3936671540141,22.5851527247557
31.9553229492158,18.9500061352051
80.8386255288497,42.1939987031733
4.19194984715432,5.65654045258821
36.3742694724351,20.6259727636368
85.6596966972575,45.8329754477879
69.7946578497067,36.006062462417
68.4486472979188,38.5949714044383
34.801505273208,19.394769220079
55.4681829409674,31.0058556238239
13.7243617558852,8.71200608910356
78.4931556321681,40.8271329556131
88.6862571584061,47.519785947123
20.409588329494,9.82786919786024
77.0622961455956,41.2486972944888
59.6362960757688,32.4084975973766
95.7669742405415,45.840493066584
15.8688397612423,10.486985873421
52.5974274147302,25.0460870863446
87.3151367530227,46.6472749418504
86.9706070283428,44.8044329140996
2.36886432394385,2.14202692411959
97.5889693479985,50.7842152192403
49.0224198205397,28.5707879777458
38.9170323032886,20.5055315358175
41.7554959887639,23.7149029353051
9.29258204996586,7.15802782761575
16.1809210199863,8.3211825662808
40.5416495166719,19.659291732335
34.1814444167539,16.1018435515183
41.5257453219965,23.5897839782001
30.4052469087765,17.1505103620913
56.0280537465587,32.7898844286953
15.5874150572345,10.6542201910118
95.657976414077,51.1035320436624
4.39666253514588,6.19990664557537
37.2157742734998,19.8568084898025
96.2615341413766,50.895913963031
64.5427515730262,35.5745656918793
6.12626143265516,7.11715824833212
40.9945928491652,23.6412731440722
42.5905134063214,23.9269774627167
50.8158084703609,26.1055681642736
44.9599910760298,25.5743360794515
62.3261383501813,33.9134679837181
13.9977931044996,9.95027193281016
90.7946400810033,48.03278760886
56.9443274755031,30.1694066706865
54.828057391569,29.2987298481335
11.6827622521669,8.87242729600571
76.2028332334012,40.3588638770874
47.8369446704164,24.6733094737177
78.196891467087,40.663207053835
4.60265486035496,2.32263884391272
81.9844667799771,41.5416855359852
26.9408447435126,15.253505766553
28.2850414514542,13.4453218911647
64.3221559468657,31.6282642615455
94.8118837783113,51.0597896883098
0.699845445342362,1.48499433635402
35.1617672014982,16.8033460064218
41.9045724906027,22.7829913861579
45.7876797067001,26.8754437541823
71.1692579323426,38.5780104115733
91.9848057674244,48.6544776812427
62.7110700588673,35.1311538978534
90.2181778335944,45.9518367551458
75.7329159183428,40.9609917461994
13.7858365662396,8.01228985945151
15.3254878008738,9.66389017998068
19.1312186885625,14.8873073232914
43.3185140602291,25.1134086236784
8.72193018440157,7.51297666277661
22.3780001047999,11.5265081846727
57.2148679522797,29.4280800961478
40.0169178377837,25.4346336392843
56.5465380670503,28.6333178875652
82.9623878700659,43.8029129979605
64.211381948553,35.4445475637321
39.1498751705512,23.103074543789
70.9579854737967,39.1126607532772
10.8824073104188,7.19651017038157
